tag,classification_id,name,category_id,admin_id,client_id,user_id,manufacturer_id,model_id,supplier_id,status_id,location_id,purchase_date,WARRANTY_MONTHS,SERIAL,NOTES,CUSTOMFIELDS,QRVALUE
tik-1,2,HP Probooks 440 G2,3,1,1,3,4,Probooks 440 G2,1,2,1,2016-12-23,12,tik-1,,,
tik-2,2,HP Probooks 440 G2,3,1,1,3,4,Probooks 440 G2,1,2,1,2016-12-23,12,tik-2,,,
tik-3,2,HP Probooks 440 G2,3,1,1,3,4,Probooks 440 G2,1,2,1,2016-12-23,12,tik-3,,,
tik-4,2,HP Probooks 440 G2,3,1,1,3,4,Probooks 440 G2,1,2,1,2016-12-23,12,tik-4,,,
tik-5,2,"DELL Inspiron I3(5378)(i7,8GB,256GB,13,3inch,Win10",3,1,1,3,2,Inspiron 13,1,2,1,2017-10-23,12,tik-5,,,
tik-6,2,"HP Probook 430 G3(i7,8GB,1TB,Win10 Pro,13""",3,1,1,3,4,Probook 430 G3,1,2,1,2019-03-26,12,tik-6,,,
tik-7,2,"HP Probook 430 G3(i7,8GB,1TB,Win10 Pro,13""",3,1,1,3,4,Probook 430 G3,1,2,1,2019-03-26,12,tik-7,,,
tik-8,2,HP Spectre Folio Convertible 13/ Manaj,3,1,1,3,4,Spectre Folio Convertible 13,1,2,1,2019-03-26,12,tik-8,,,
tik-9,2,HP Spectre Folio Convertible 13/ Manaj,3,1,1,3,4,Spectre Folio Convertible 13,1,2,1,2019-03-26,12,tik-9,,,
tik-10,2,"HP Pavillion Gaming 15CX 0161TX,i7,8GB",3,1,1,3,4,Pavillion Gaming 15CX 0161TX,1,2,1,2019-03-26,12,tik-10,,,
tik-11,2,"MSI GT75 8SF(i7,16GB,1TB,17,3"",Win10,N",3,1,1,3,28,GT75 8SF,1,2,1,2019-03-29,12,tik-11,,,
tik-12,2,"HP Probook 430 G6 (I7,8GB,1TB,WIN10,13.3IN)",3,1,1,3,4,Probook 430 G6,1,2,1,2019-11-21,12,tik-12,,,
tik-13,2,"HP Probook 430 G6 (I7,8GB,1TB,WIN10,13.3IN)",3,1,1,3,4,Probook 430 G6,1,2,1,2019-11-21,12,tik-13,,,
tik-14,2,"HP Probook 430 G6 (I7,8GB,1TB,WIN10,13.3IN)",3,1,1,3,4,Probook 430 G6,1,2,1,2019-11-21,12,tik-14,,,
tik-15,2,"HP Probook 430 G6 (I7,8GB,1TB,WIN10,13.3IN)",3,1,1,3,4,Probook 430 G6,1,2,1,2019-11-21,12,tik-15,,,
tik-16,2,"HP Probook 430 G6 (I7,8GB,1TB,WIN10,13.3IN)",3,1,1,3,4,Probook 430 G6,1,2,1,2019-11-21,12,tik-16,,,
tik-17,2,"HP Probook 430 G6 (I7,8GB,1TB,WIN10,13.3IN)",3,1,1,3,4,Probook 430 G6,1,2,1,2019-11-21,12,tik-17,,,
tik-18,2,"HP Probook 430 G6 (I7,8GB,1TB,WIN10,13.3IN)",3,1,1,3,4,Probook 430 G6,1,2,1,2019-11-21,12,tik-18,,,
tik-19,2,"HP Probook 430 G6 (I7,8GB,1TB,WIN10,13.3IN)",3,1,1,3,4,Probook 430 G6,1,2,1,2019-11-21,12,tik-19,,,
tik-20,2,"HP Probook 430 G6 (I7,8GB,1TB,WIN10,13.3IN)",3,1,1,3,4,Probook 430 G6,1,2,1,2019-11-21,12,tik-20,,,
tik-21,2,"HP Probook 430 G6 (I7,8GB,1TB,WIN10,13.3IN)",3,1,1,3,4,Probook 430 G6,1,2,1,2019-11-21,12,tik-21,,,
tik-22,2,"HP Probook 430 G6 (I7,8GB,1TB,WIN10,13.3IN)",3,1,1,3,4,Probook 430 G6,1,2,1,2019-11-21,12,tik-22,,,
tik-23,2,"HP Probook 430 G6 (I7,8GB,1TB,WIN10,13.3IN)",3,1,1,3,4,ProboM24,1,2,1,2019-11-21,12,tik-23,,,
tik-24,2,ASUS ROG ZEPHIYRUS G14 GA401IH,3,1,1,3,7,ROG ZEPHIYRUS G14 GA401IH,1,2,1,2020-12-17,12,tik-24,,,
tik-25,2,"HP Probook 440 G7(i7,8GB,1TB,NVIDIA 2GB,WIN",3,1,1,3,4,Probook 440 G7,1,2,1,2020-12-17,12,tik-25,,,
tik-26,2,"HP Probook 430 G7(15,8GB,1TB,WIN10 PRO",3,1,1,3,4,Probook 430 G7,1,2,1,2020-12-17,12,tik-26,,,
tik-27,2,"HP Probook 430 G7(15,8GB,1TB,WIN10 PRO",3,1,1,3,4,Probook 430 G7,1,2,1,2020-12-17,12,tik-27,,,
tik-28,2,"HP Probook 430 G7(15,8GB,1TB,WIN10 PRO",3,1,1,3,4,Probook 430 G7,1,2,1,2020-12-17,12,tik-28,,,
tik-29,2,"HP Probook 430 G7(15,8GB,1TB,WIN10 PRO",3,1,1,3,4,Probook 430 G7,1,2,1,2020-12-17,12,tik-29,,,
tik-30,2,"HP Probook X360 2 In 1 Touch(8gb,13.3""",3,1,1,3,4,Probook X360 2 In 1 Touch,1,2,1,2021-03-30,12,tik-30,,,
tik-31,2,"HP Probook X360 2 In 1 Touch(8gb,13.3""",3,1,1,3,4,Probook X360 2 In 1 Touch,1,2,1,2021-03-30,12,tik-31,,,
tik-32,2,"HP Probook X360 2 In 1 Touch(8gb,13.3""",3,1,1,3,4,Probook X360 2 In 1 Touch,1,2,1,2021-03-30,12,tik-32,,,
tik-33,2,"HP Probook X360 2 In 1 Touch(8gb,13.3""",3,1,1,3,4,Probook X360 2 In 1 Touch,1,2,1,2021-03-30,12,tik-33,,,
tik-34,2,"HP Probook X360 2 In 1 Touch(8gb,13.3""",3,1,1,3,4,Probook X360 2 In 1 Touch,1,2,1,2021-03-30,12,tik-34,,,
tik-35,2,"HP Probook X360 2 In 1 Touch(8gb,13.3""",3,1,1,3,4,Probook X360 2 In 1 Touch,1,2,1,2021-03-30,12,tik-35,,,
tik-36,2,"HP Probook X360 2 In 1 Touch(8gb,13.3""",3,1,1,3,4,Probook X360 2 In 1 Touch,1,2,1,2021-03-30,12,tik-36,,,
tik-37,2,"HP Probook X360 2 In 1 Touch(8gb,13.3""",3,1,1,3,4,Probook X360 2 In 1 Touch,1,2,1,2021-03-30,12,tik-37,,,
tik-38,2,"HP Probook X360 2 In 1 Touch(8gb,13.3""",3,1,1,3,4,Probook X360 2 In 1 Touch,1,2,1,2021-03-30,12,tik-38,,,
tik-39,2,HP Spectre X360 Convertible 13-as 211T,3,1,1,3,4,Spectre X360 Convertible 13-as 211T,1,2,1,2021-09-22,12,tik-39,,,
tik-40,2,HP Spectre X360 Convertible 13-as 211T,3,1,1,3,4,Spectre X360 Convertible 13-as 211T,1,2,1,2021-09-22,12,tik-40,,,
tik-41,2,HP Spectre X360 Convertible 13-as 211T,3,1,1,3,4,Spectre X360 Convertible 13-as 211T,1,2,1,2021-09-22,12,tik-41,,,
tik-42,2,HP Spectre X360 Convertible 13-as 211T,3,1,1,3,4,Spectre X360 Convertible 13-as 211T,1,2,1,2021-09-22,12,tik-42,,,
tik-43,2,Asus Zephyrus M16 GU603HM-I936G6T-O,3,1,1,3,7,Zephyrus M16 GU603HM-I936G6T-O,1,2,1,2021-12-24,12,tik-43,,,
tik-44,2,Asus Zephyrus M16 GU603HM-I936G6T-O,3,1,1,3,7,Zephyrus M16 GU603HM-I936G6T-O,1,2,1,2021-12-24,12,tik-44,,,
tik-45,2,HP Spectre X360 14 EA1027TU 2IN1 Touch Oled (I7 1195G7 32GB 1TBSSD 13.9 3K2K IRISXE W11+OHS BLIT PEN 2YR+ADP) Black Gold,3,1,1,3,4,Spectre X360 14 EA1027TU 2IN1 Touch Oled,1,2,1,2022-11-22,12,tik-45,,,
tik-46,2,HP Spectre X360 14 EA1027TU 2IN1 Touch Oled (I7 1195G7 32GB 1TBSSD 13.9 3K2K IRISXE W11+OHS BLIT PEN 2YR+ADP) Black Gold,3,1,1,3,4,Spectre X360 14 EA1027TU 2IN1 Touch Oled,1,2,1,2022-11-22,12,tik-46,,,
tik-47,2,"ASUS UX435EG-IPS711NP (I7-1165G7,16GB,1TB SSD,MX450 2 GB,WIN 10,OHS,14 in / Firman Sutarto (Bendahara)",3,1,1,3,7,UX435EG-IPS711NP,1,2,1,2022-11-22,12,tik-47,,,
tik-48,2,"Axioo Mybook PRO K7 (16N9) (i7-1165g7,16GB DDR,2TB NVMe, 14inch FHD,Wifi,Bloutooth,WIN 10,1 Year)",3,1,1,3,29,Mybook PRO K7 (16N9),1,2,1,2022-11-18,12,tik-48,,,
tik-49,2,"Axioo Mybook PRO K7 (16N9) (i7-1165g7,16GB DDR,2TB NVMe, 14inch FHD,Wifi,Bloutooth,WIN 10,1 Year) ",3,1,1,3,29,Mybook PRO K7 (16N9),1,2,1,2022-11-18,12,tik-49,,,
tik-50,2,"Axioo Mybook PRO K7 (16N9) (i7-1165g7,16GB DDR,2TB NVMe, 14inch FHD,Wifi,Bloutooth,WIN 10,1 Year) ",3,1,1,3,29,Mybook PRO K7 (16N9),1,2,1,2022-11-18,12,tik-50,,,
tik-51,2,"Axioo Mybook PRO K7 (16N9) (i7-1165g7,16GB DDR,2TB NVMe, 14inch FHD,Wifi,Bloutooth,WIN 10,1 Year) ",3,1,1,3,29,Mybook PRO K7 (16N9),1,2,1,2022-11-18,12,tik-51,,,
tik-52,2,"Axioo Mybook PRO K7 (16N9) (i7-1165g7,16GB DDR,2TB NVMe, 14inch FHD,Wifi,Bloutooth,WIN 10,1 Year) ",3,1,1,3,29,Mybook PRO K7 (16N9),1,2,1,2022-11-18,12,tik-52,,,
tik-53,2,"Axioo Mybook PRO K7 (16N9) (i7-1165g7,16GB DDR,2TB NVMe, 14inch FHD,Wifi,Bloutooth,WIN 10,1 Year) ",3,1,1,3,29,Mybook PRO K7 (16N9),1,2,1,2022-11-18,12,tik-53,,,
tik-54,2,"Axioo Mybook PRO K7 (16N9) (i7-1165g7,16GB DDR,2TB NVMe, 14inch FHD,Wifi,Bloutooth,WIN 10,1 Year) ",3,1,1,3,29,Mybook PRO K7 (16N9),1,2,1,2022-11-18,12,tik-54,,,
tik-55,2,"Axioo Mybook Pro K7 (16N9) Intel i7-1165G7, Mem 16GB, 1TB SSD, 14 Inch FHD, Win 10",3,1,1,3,29,Mybook PRO K7 (16N9),1,2,1,2023-02-13,12,tik-55,,,
tik-56,2,"Axioo Mybook Pro K7 (16N9) Intel i7-1165G7, Mem 16GB, 1TB SSD, 14 Inch FHD, Win 10",3,1,1,3,29,Mybook PRO K7 (16N9),1,2,1,2023-02-13,12,tik-56,,,
tik-57,2,"Axioo Mybook Pro K7 (16N9) Intel i7-1165G7, Mem 16GB, 1TB SSD, 14 Inch FHD, Win 10",3,1,1,3,29,Mybook PRO K7 (16N9),1,2,1,2023-02-13,12,tik-57,,,
tik-58,2,"Axioo Mybook Pro K7 (16N9) Intel i7-1165G7, Mem 16GB, 1TB SSD, 14 Inch FHD, Win 10",3,1,1,3,29,Mybook PRO K7 (16N9),1,2,1,2023-02-13,12,tik-58,,,
tik-59,2,"Axioo Mybook Pro K7 (16N9) Intel i7-1165G7, Mem 16GB, 1TB SSD, 14 Inch FHD, Win 10",3,1,1,3,29,Mybook PRO K7 (16N9),1,2,1,2023-02-13,12,tik-59,,,
tik-60,2,"Axioo Mybook Pro K7 (16N9) Intel i7-1165G7, Mem 16GB, 1TB SSD, 14 Inch FHD, Win 10",3,1,1,3,29,Mybook PRO K7 (16N9),1,2,1,2023-02-13,12,tik-60,,,
tik-61,2,"Axioo Mybook Pro K7 (16N9) Intel i7-1165G7, Mem 16GB, 1TB SSD, 14 Inch FHD, Win 10",3,1,1,3,29,Mybook PRO K7 (16N9),1,2,1,2023-02-13,12,tik-61,,,
tik-62,2,"Axioo Mybook Pro K7 (16N9) Intel i7-1165G7, Mem 16GB, 1TB SSD, 14 Inch FHD, Win 10",3,1,1,3,29,Mybook PRO K7 (16N9),1,2,1,2023-02-13,12,tik-62,,,
tik-63,2,"Axioo Mybook Pro K7 (16N9) Intel i7-1165G7, Mem 16GB, 1TB SSD, 14 Inch FHD, Win 10",3,1,1,3,29,Mybook PRO K7 (16N9),1,2,1,2023-02-13,12,tik-63,,,
tik-64,2,"Axioo Mybook Pro K7 (16N9) Intel i7-1165G7, Mem 16GB, 1TB SSD, 14 Inch FHD, Win 10",3,1,1,3,29,Mybook PRO K7 (16N9),1,2,1,2023-02-13,12,tik-64,,,
tik-65,2,"Acer Predator Helios 300 i7-12700H, 16GB, 1TB SSD, RTX3070, Ti 8GB,Win11 Home+OHS 2021 (NH.QFTSN.002) ABBYS Black+Backpack/ HUMAS",3,1,1,3,29,Mybook PRO K7 (16N9),1,2,1,2023-07-14,12,tik-65,,,
tik-66,2,Jejaring Area Lokal (LAN),29,1,1,3,30,Jejaring Area Lokal (LAN),1,2,1,2016-12-23,12,tik-66,,,
tik-67,2,Jaringan Komputer Ruang Administrasi,28,1,1,3,30,Jaringan Komputer Ruang Administrasi,1,2,1,2018-11-23,12,tik-67,,,
tik-68,2,Jaringan LAN Internet Gedung Kuliah I (satu),28,1,1,3,30,Jaringan LAN Internet Gedung Kuliah I (satu),1,2,1,2019-08-08,12,tik-68,,,
tik-69,2,Jaringan LAN Internet Gedung Kuliah II (Dua),28,1,1,3,30,Jaringan LAN Internet Gedung Kuliah II (Dua),1,2,1,2019-08-08,12,tik-69,,,
tik-70,2,Jaringan LAN Internet Gedung Rektorat,28,1,1,3,30,Jaringan LAN Internet Gedung Rektorat,1,2,1,2019-08-08,12,tik-70,,,
tik-71,2,Jaringan LAN dan AP Gedung Lab. MDK dan MKP,28,1,1,3,30,Jaringan LAN dan AP Gedung Lab. MDK dan MKP,1,2,1,2021-12-23,12,tik-71,,,
tik-72,2,Jaringan Internet Gedung Food Center,28,1,1,3,30,Jaringan Internet Gedung Food Center,1,2,1,2022-11-29,12,tik-72,,,
tik-73,2,"Jaringan Server, CCTV dan Wifi Type Jaringan TP-Link, CCTV Dmax DMC-2048BZW, WIFI Aruba Access Point, Jaringan Switch Gigabit dan Perlengkapannya, Wifi ARUBA Triple Band, CCTV jenis Bullet, Dome dan fisheye (HOTEL PRAKTEK)",28,1,1,3,30,"Jaringan Server, CCTV dan Wifi Type Jaringan TP-Link, CCTV Dmax DMC-2048BZW, WIFI Aruba Access Point, Jaringan Switch Gigabit dan Perlengkapannya, Wifi ARUBA Triple Band, CCTV jenis Bullet, Dome dan fisheye (HOTEL PRAKTEK)",1,2,1,2022-07-15,12,tik-73,,,
tik-74,2,PC Unit/ ADVAN AIO CORE I3-82S ( I3 - 1215U / 8GB / 256 SSD / WIN 11 / 23.8 INCH),2,1,1,3,31,PC Unit/ ADVAN AIO CORE I3-82S ( I3 - 1215U / 8GB / 256 SSD / WIN 11 / 23.8 INCH),1,2,1,2024-12-05,12,tik-74,,,
tik-75,2,PC Unit/ ADVAN AIO CORE I3-82S ( I3 - 1215U / 8GB / 256 SSD / WIN 11 / 23.8 INCH),2,1,1,3,31,PC Unit/ ADVAN AIO CORE I3-82S ( I3 - 1215U / 8GB / 256 SSD / WIN 11 / 23.8 INCH),1,2,1,2024-12-05,12,tik-75,,,
tik-76,2,HP 380 G1 i3-4160 4GB 500GB DVDRW 18.5 IN,9,1,1,3,4,HP 380 G1 i3-4160 4GB 500GB DVDRW 18.5 IN,1,2,1,2016-12-22,12,tik-76,,,
tik-77,2,HP 380 G1 i3-4160 4GB 500GB DVDRW 18.5 IN,9,1,1,3,4,HP 380 G1 i3-4160 4GB 500GB DVDRW 18.5 IN,1,2,1,2016-12-22,12,tik-77,,,
tik-78,2,HP 380 G1 i3-4160 4GB 500GB DVDRW 18.5 IN,9,1,1,3,4,HP 380 G1 i3-4160 4GB 500GB DVDRW 18.5 IN,1,2,1,2016-12-22,12,tik-78,,,
tik-79,2,HP 380 G1 i3-4160 4GB 500GB DVDRW 18.5 IN,9,1,1,3,4,HP 380 G1 i3-4160 4GB 500GB DVDRW 18.5 IN,1,2,1,2016-12-22,12,tik-79,,,
tik-80,2,HP 380 G1 i3-4160 4GB 500GB DVDRW 18.5 IN,9,1,1,3,4,HP 380 G1 i3-4160 4GB 500GB DVDRW 18.5 IN,1,2,1,2016-12-22,12,tik-80,,,
tik-81,2,HP 380 G1 i3-4160 4GB 500GB DVDRW 18.5 IN,9,1,1,3,4,HP 380 G1 i3-4160 4GB 500GB DVDRW 18.5 IN,1,2,1,2016-12-22,12,tik-81,,,
tik-82,2,HP 380 G1 i3-4160 4GB 500GB DVDRW 18.5 IN,9,1,1,3,4,HP 380 G1 i3-4160 4GB 500GB DVDRW 18.5 IN,1,2,1,2016-12-22,12,tik-82,,,
tik-83,2,HP 380 G1 i3-4160 4GB 500GB DVDRW 18.5 IN,9,1,1,3,4,HP 380 G1 i3-4160 4GB 500GB DVDRW 18.5 IN,1,2,1,2016-12-22,12,tik-83,,,
tik-84,2,HP 380 G1 i3-4160 4GB 500GB DVDRW 18.5 IN,9,1,1,3,4,HP 380 G1 i3-4160 4GB 500GB DVDRW 18.5 IN,1,2,1,2016-12-22,12,tik-84,,,
tik-85,2,HP 380 G1 i3-4160 4GB 500GB DVDRW 18.5 IN,9,1,1,3,4,HP 380 G1 i3-4160 4GB 500GB DVDRW 18.5 IN,1,2,1,2016-12-22,12,tik-85,,,
tik-86,2,HP 380 G1 i3-4160 4GB 500GB DVDRW 18.5 IN,9,1,1,3,4,HP 380 G1 i3-4160 4GB 500GB DVDRW 18.5 IN,1,2,1,2016-12-22,12,tik-86,,,
tik-87,2,HP 380 G1 i3-4160 4GB 500GB DVDRW 18.5 IN,9,1,1,3,4,HP 380 G1 i3-4160 4GB 500GB DVDRW 18.5 IN,1,2,1,2016-12-22,12,tik-87,,,
tik-88,2,HP 380 G1 i3-4160 4GB 500GB DVDRW 18.5 IN,9,1,1,3,4,HP 380 G1 i3-4160 4GB 500GB DVDRW 18.5 IN,1,2,1,2016-12-22,12,tik-88,,,
tik-89,2,HP 380 G1 i3-4160 4GB 500GB DVDRW 18.5 IN,9,1,1,3,4,HP 380 G1 i3-4160 4GB 500GB DVDRW 18.5 IN,1,2,1,2016-12-22,12,tik-89,,,
tik-90,2,HP 380 G1 i3-4160 4GB 500GB DVDRW 18.5 IN,9,1,1,3,4,HP 380 G1 i3-4160 4GB 500GB DVDRW 18.5 IN,1,2,1,2016-12-22,12,tik-90,,,
tik-91,2,HP 380 G1 i3-4160 4GB 500GB DVDRW 18.5 IN,9,1,1,3,4,HP 380 G1 i3-4160 4GB 500GB DVDRW 18.5 IN,1,2,1,2016-12-22,12,tik-91,,,
tik-92,2,HP 380 G1 i3-4160 4GB 500GB DVDRW 18.5 IN,9,1,1,3,4,HP 380 G1 i3-4160 4GB 500GB DVDRW 18.5 IN,1,2,1,2016-12-22,12,tik-92,,,
tik-93,2,HP 380 G1 i3-4160 4GB 500GB DVDRW 18.5 IN,9,1,1,3,4,HP 380 G1 i3-4160 4GB 500GB DVDRW 18.5 IN,1,2,1,2016-12-22,12,tik-93,,,
tik-94,2,HP 380 G1 i3-4160 4GB 500GB DVDRW 18.5 IN,9,1,1,3,4,HP 380 G1 i3-4160 4GB 500GB DVDRW 18.5 IN,1,2,1,2016-12-22,12,tik-94,,,
tik-95,2,HP 380 G1 i3-4160 4GB 500GB DVDRW 18.5 IN,9,1,1,3,4,HP 380 G1 i3-4160 4GB 500GB DVDRW 18.5 IN,1,2,1,2016-12-22,12,tik-95,,,
tik-96,2,HP 380 G1 i3-4160 4GB 500GB DVDRW 18.5 IN,9,1,1,3,4,HP 380 G1 i3-4160 4GB 500GB DVDRW 18.5 IN,1,2,1,2016-12-22,12,tik-96,,,
tik-97,2,HP 380 G1 i3-4160 4GB 500GB DVDRW 18.5 IN,9,1,1,3,4,HP 380 G1 i3-4160 4GB 500GB DVDRW 18.5 IN,1,2,1,2016-12-22,12,tik-97,,,
tik-98,2,HP 380 G1 i3-4160 4GB 500GB DVDRW 18.5 IN,9,1,1,3,4,HP 380 G1 i3-4160 4GB 500GB DVDRW 18.5 IN,1,2,1,2016-12-22,12,tik-98,,,
tik-99,2,HP 380 G1 i3-4160 4GB 500GB DVDRW 18.5 IN,9,1,1,3,4,HP 380 G1 i3-4160 4GB 500GB DVDRW 18.5 IN,1,2,1,2016-12-22,12,tik-99,,,
tik-100,2,HP 380 G1 i3-4160 4GB 500GB DVDRW 18.5 IN,9,1,1,3,4,HP 380 G1 i3-4160 4GB 500GB DVDRW 18.5 IN,1,2,1,2016-12-22,12,tik-100,,,
tik-101,2,HP 380 G1 i3-4160 4GB 500GB DVDRW 18.5 IN,9,1,1,3,4,HP 380 G1 i3-4160 4GB 500GB DVDRW 18.5 IN,1,2,1,2016-12-22,12,tik-101,,,
tik-102,2,HP 380 G1 i3-4160 4GB 500GB DVDRW 18.5 IN,9,1,1,3,4,HP 380 G1 i3-4160 4GB 500GB DVDRW 18.5 IN,1,2,1,2016-12-22,12,tik-102,,,
tik-103,2,HP 380 G1 i3-4160 4GB 500GB DVDRW 18.5 IN,9,1,1,3,4,HP 380 G1 i3-4160 4GB 500GB DVDRW 18.5 IN,1,2,1,2016-12-22,12,tik-103,,,
tik-104,2,HP 380 G1 i3-4160 4GB 500GB DVDRW 18.5 IN,9,1,1,3,4,HP 380 G1 i3-4160 4GB 500GB DVDRW 18.5 IN,1,2,1,2016-12-22,12,tik-104,,,
tik-105,2,HP 380 G1 i3-4160 4GB 500GB DVDRW 18.5 IN,9,1,1,3,4,HP 380 G1 i3-4160 4GB 500GB DVDRW 18.5 IN,1,2,1,2016-12-22,12,tik-105,,,
tik-106,2,HP 280 G1 i3-4160 4GB 500GB DVDRW 18.5 IN,9,1,1,3,4,HP 280 G1 i3-4160 4GB 500GB DVDRW 18.5 IN,1,2,1,2016-12-22,12,tik-106,,,
tik-107,2,"DELL XPS 8920 Desktop (i7,8GB,2TB) Win10Pro NVIDIA",2,1,1,3,2,"DELL XPS 8920 Desktop (i7,8GB,2TB) Win10Pro NVIDIA",1,2,1,2017-10-09,12,tik-107,,,
tik-108,2,"DELL XPS 8920 Desktop (i7,8GB,2TB) Win10Pro NVIDIA",2,1,1,3,2,"DELL XPS 8920 Desktop (i7,8GB,2TB) Win10Pro NVIDIA",1,2,1,2017-10-09,12,tik-108,,,
tik-109,2,"Acer AiO AC22-860(i5,4GB,1TB,Win10 Home) & UPS",9,1,1,3,6,"Acer AiO AC22-860(i5,4GB,1TB,Win10 Home) & UPS",1,2,1,2017-10-27,12,tik-109,,,
tik-110,2,"Acer AiO AC22-860(i5,4GB,1TB,Win10 Home) & UPS",9,1,1,3,6,"Acer AiO AC22-860(i5,4GB,1TB,Win10 Home) & UPS",1,2,1,2017-10-27,12,tik-110,,,
tik-111,2,"Acer AiO AC22-860(i5,4GB,1TB,Win10 Home) & UPS",9,1,1,3,6,"Acer AiO AC22-860(i5,4GB,1TB,Win10 Home) & UPS",1,2,1,2017-10-27,12,tik-111,,,
tik-112,2,"Acer AiO AC22-860(i5,4GB,1TB,Win10 Home) & UPS",9,1,1,3,6,"Acer AiO AC22-860(i5,4GB,1TB,Win10 Home) & UPS",1,2,1,2017-10-27,12,tik-112,,,
tik-113,2,"Acer AiO AC22-860(i5,4GB,1TB,Win10 Home) & UPS",9,1,1,3,6,"Acer AiO AC22-860(i5,4GB,1TB,Win10 Home) & UPS",1,2,1,2017-10-27,12,tik-113,,,
tik-114,2,"Acer AiO AC22-860(i5,4GB,1TB,Win10 Home) & UPS",9,1,1,3,6,"Acer AiO AC22-860(i5,4GB,1TB,Win10 Home) & UPS",1,2,1,2017-10-27,12,tik-114,,,
tik-115,2,"Acer AiO AC22-860(i5,4GB,1TB,Win10 Home) & UPS",9,1,1,3,6,"Acer AiO AC22-860(i5,4GB,1TB,Win10 Home) & UPS",1,2,1,2017-10-27,12,tik-115,,,
tik-116,2,"Acer AiO AC22-860(i5,4GB,1TB,Win10 Home) & UPS",9,1,1,3,6,"Acer AiO AC22-860(i5,4GB,1TB,Win10 Home) & UPS",1,2,1,2017-10-27,12,tik-116,,,
tik-117,2,"Acer AiO AC22-860(i5,4GB,1TB,Win10 Home) & UPS",9,1,1,3,6,"Acer AiO AC22-860(i5,4GB,1TB,Win10 Home) & UPS",1,2,1,2017-10-27,12,tik-117,,,
tik-118,2,"Acer AiO AC22-860(i5,4GB,1TB,Win10 Home) & UPS",9,1,1,3,6,"Acer AiO AC22-860(i5,4GB,1TB,Win10 Home) & UPS",1,2,1,2017-10-27,12,tik-118,,,
tik-119,2,"Acer AiO AC22-860(i5,4GB,1TB,Win10 Home) & UPS",9,1,1,3,6,"Acer AiO AC22-860(i5,4GB,1TB,Win10 Home) & UPS",1,2,1,2017-10-27,12,tik-119,,,
tik-120,2,"Acer AiO AC22-860(i5,4GB,1TB,Win10 Home) & UPS",9,1,1,3,6,"Acer AiO AC22-860(i5,4GB,1TB,Win10 Home) & UPS",1,2,1,2017-10-27,12,tik-120,,,
tik-121,2,"Acer AiO AC22-860(i5,4GB,1TB,Win10 Home) & UPS",9,1,1,3,6,"Acer AiO AC22-860(i5,4GB,1TB,Win10 Home) & UPS",1,2,1,2017-10-27,12,tik-121,,,
tik-122,2,"Acer AiO AC22-860(i5,4GB,1TB,Win10 Home) & UPS",9,1,1,3,6,"Acer AiO AC22-860(i5,4GB,1TB,Win10 Home) & UPS",1,2,1,2017-10-27,12,tik-122,,,
tik-123,2,"Acer AiO AC22-860(i5,4GB,1TB,Win10 Home) & UPS",9,1,1,3,6,"Acer AiO AC22-860(i5,4GB,1TB,Win10 Home) & UPS",1,2,1,2017-10-27,12,tik-123,,,
tik-124,2,"Acer AiO AC22-860(i5,4GB,1TB,Win10 Home) & UPS",9,1,1,3,6,"Acer AiO AC22-860(i5,4GB,1TB,Win10 Home) & UPS",1,2,1,2017-10-27,12,tik-124,,,
tik-125,2,"Acer AiO AC22-860(i5,4GB,1TB,Win10 Home) & UPS",9,1,1,3,6,"Acer AiO AC22-860(i5,4GB,1TB,Win10 Home) & UPS",1,2,1,2017-10-27,12,tik-125,,,
tik-126,2,"Acer AiO AC22-860(i5,4GB,1TB,Win10 Home) & UPS",9,1,1,3,6,"Acer AiO AC22-860(i5,4GB,1TB,Win10 Home) & UPS",1,2,1,2017-10-27,12,tik-126,,,
tik-127,2,"Acer AiO AC22-860(i5,4GB,1TB,Win10 Home) & UPS",9,1,1,3,6,"Acer AiO AC22-860(i5,4GB,1TB,Win10 Home) & UPS",1,2,1,2017-10-27,12,tik-127,,,
tik-128,2,"Acer AiO AC22-860(i5,4GB,1TB,Win10 Home) & UPS",9,1,1,3,6,"Acer AiO AC22-860(i5,4GB,1TB,Win10 Home) & UPS",1,2,1,2017-10-27,12,tik-128,,,
tik-129,2,"Acer AiO AC22-860(i5,4GB,1TB,Win10 Home) & UPS",9,1,1,3,6,"Acer AiO AC22-860(i5,4GB,1TB,Win10 Home) & UPS",1,2,1,2017-10-27,12,tik-129,,,
tik-130,2,"Acer AiO AC22-860(i5,4GB,1TB,Win10 Home) & UPS",9,1,1,3,6,"Acer AiO AC22-860(i5,4GB,1TB,Win10 Home) & UPS",1,2,1,2017-10-27,12,tik-130,,,
tik-131,2,"Acer AiO AC22-860(i5,4GB,1TB,Win10 Home) & UPS",9,1,1,3,6,"Acer AiO AC22-860(i5,4GB,1TB,Win10 Home) & UPS",1,2,1,2017-10-27,12,tik-131,,,
tik-132,2,"Acer AiO AC22-860(i5,4GB,1TB,Win10 Home) & UPS",9,1,1,3,6,"Acer AiO AC22-860(i5,4GB,1TB,Win10 Home) & UPS",1,2,1,2017-10-27,12,tik-132,,,
tik-133,2,"Acer AiO AC22-860(i5,4GB,1TB,Win10 Home) & UPS",9,1,1,3,6,"Acer AiO AC22-860(i5,4GB,1TB,Win10 Home) & UPS",1,2,1,2017-10-27,12,tik-133,,,
tik-134,2,"Acer AiO AC22-860(i5,4GB,1TB,Win10 Home) & UPS",9,1,1,3,6,"Acer AiO AC22-860(i5,4GB,1TB,Win10 Home) & UPS",1,2,1,2017-10-27,12,tik-134,,,
tik-135,2,"Acer AiO AC22-860(i5,4GB,1TB,Win10 Home) & UPS",9,1,1,3,6,"Acer AiO AC22-860(i5,4GB,1TB,Win10 Home) & UPS",1,2,1,2017-10-27,12,tik-135,,,
tik-136,2,"Acer AiO AC22-860(i5,4GB,1TB,Win10 Home) & UPS",9,1,1,3,6,"Acer AiO AC22-860(i5,4GB,1TB,Win10 Home) & UPS",1,2,1,2017-10-27,12,tik-136,,,
tik-137,2,MIni PC untuk CCTV,2,1,1,3,3,MIni PC untuk CCTV,1,2,1,2017-12-15,12,tik-137,,,
tik-138,2,MIni PC untuk CCTV,2,1,1,3,3,MIni PC untuk CCTV,1,2,1,2017-12-15,12,tik-138,,,
tik-139,2,Desktop Check In Counter,2,1,1,3,4,Desktop Check In Counter,1,2,1,2017-12-21,12,tik-139,,,
tik-140,2,Desktop Check In Counter,2,1,1,3,4,Desktop Check In Counter,1,2,1,2017-12-21,12,tik-140,,,
tik-141,2,Desktop Check In Counter,2,1,1,3,4,Desktop Check In Counter,1,2,1,2017-12-21,12,tik-141,,,
tik-142,2,Desktop Check In Counter,2,1,1,3,4,Desktop Check In Counter,1,2,1,2017-12-21,12,tik-142,,,
tik-143,2,P.C Unit Merk HP 200 G3 AiO,9,1,1,3,4,P.C Unit Merk HP 200 G3 AiO,1,2,1,2018-11-21,12,tik-143,,,
tik-144,2,P.C Unit Merk HP 200 G3 AiO,9,1,1,3,4,P.C Unit Merk HP 200 G3 AiO,1,2,1,2018-11-21,12,tik-144,,,
tik-145,2,P.C Unit Merk HP 200 G3 AiO,9,1,1,3,4,P.C Unit Merk HP 200 G3 AiO,1,2,1,2018-11-21,12,tik-145,,,
tik-146,2,P.C Unit Merk HP 200 G3 AiO,9,1,1,3,4,P.C Unit Merk HP 200 G3 AiO,1,2,1,2018-11-21,12,tik-146,,,
tik-147,2,P.C Unit Merk HP 200 G3 AiO,9,1,1,3,4,P.C Unit Merk HP 200 G3 AiO,1,2,1,2018-11-21,12,tik-147,,,
tik-148,2,P.C Unit Merk HP 200 G3 AiO,9,1,1,3,4,P.C Unit Merk HP 200 G3 AiO,1,2,1,2018-11-21,12,tik-148,,,
tik-149,2,P.C Unit Merk HP 200 G3 AiO,9,1,1,3,4,P.C Unit Merk HP 200 G3 AiO,1,2,1,2018-11-21,12,tik-149,,,
tik-150,2,P.C Unit Merk HP 200 G3 AiO,9,1,1,3,4,P.C Unit Merk HP 200 G3 AiO,1,2,1,2018-11-21,12,tik-150,,,
tik-151,2,P.C Unit Merk HP 200 G3 AiO,9,1,1,3,4,P.C Unit Merk HP 200 G3 AiO,1,2,1,2018-11-21,12,tik-151,,,
tik-152,2,P.C Unit Merk HP 200 G3 AiO,9,1,1,3,4,P.C Unit Merk HP 200 G3 AiO,1,2,1,2018-11-21,12,tik-152,,,
tik-153,2,P.C Unit Merk HP 200 G3 AiO,9,1,1,3,4,P.C Unit Merk HP 200 G3 AiO,1,2,1,2018-11-21,12,tik-153,,,
tik-154,2,P.C Unit Merk HP 200 G3 AiO,9,1,1,3,4,P.C Unit Merk HP 200 G3 AiO,1,2,1,2018-11-21,12,tik-154,,,
tik-155,2,P.C Unit Merk HP 200 G3 AiO,9,1,1,3,4,P.C Unit Merk HP 200 G3 AiO,1,2,1,2018-11-21,12,tik-155,,,
tik-156,2,P.C Unit Merk HP 200 G3 AiO,9,1,1,3,4,P.C Unit Merk HP 200 G3 AiO,1,2,1,2018-11-21,12,tik-156,,,
tik-157,2,P.C Unit Merk HP 200 G3 AiO,9,1,1,3,4,P.C Unit Merk HP 200 G3 AiO,1,2,1,2018-11-21,12,tik-157,,,
tik-158,2,P.C Unit Merk HP 200 G3 AiO,9,1,1,3,4,P.C Unit Merk HP 200 G3 AiO,1,2,1,2018-11-21,12,tik-158,,,
tik-159,2,P.C Unit Merk HP 200 G3 AiO,9,1,1,3,4,P.C Unit Merk HP 200 G3 AiO,1,2,1,2018-11-21,12,tik-159,,,
tik-160,2,P.C Unit Merk HP 200 G3 AiO,9,1,1,3,4,P.C Unit Merk HP 200 G3 AiO,1,2,1,2018-11-21,12,tik-160,,,
tik-161,2,P.C Unit Merk HP 200 G3 AiO,9,1,1,3,4,P.C Unit Merk HP 200 G3 AiO,1,2,1,2018-11-21,12,tik-161,,,
tik-162,2,P.C Unit Merk HP 200 G3 AiO,9,1,1,3,4,P.C Unit Merk HP 200 G3 AiO,1,2,1,2018-11-21,12,tik-162,,,
tik-163,2,P.C Unit Merk HP 200 G3 AiO,9,1,1,3,4,P.C Unit Merk HP 200 G3 AiO,1,2,1,2018-11-21,12,tik-163,,,
tik-164,2,P.C Unit Merk HP 200 G3 AiO,9,1,1,3,4,P.C Unit Merk HP 200 G3 AiO,1,2,1,2018-11-21,12,tik-164,,,
tik-165,2,P.C Unit Merk HP 200 G3 AiO,9,1,1,3,4,P.C Unit Merk HP 200 G3 AiO,1,2,1,2018-11-21,12,tik-165,,,
tik-166,2,P.C Unit Merk HP 200 G3 AiO,9,1,1,3,4,P.C Unit Merk HP 200 G3 AiO,1,2,1,2018-11-21,12,tik-166,,,
tik-167,2,P.C Unit Merk HP 200 G3 AiO,9,1,1,3,4,P.C Unit Merk HP 200 G3 AiO,1,2,1,2018-11-21,12,tik-167,,,
tik-168,2,P.C Unit Merk HP 200 G3 AiO,9,1,1,3,4,P.C Unit Merk HP 200 G3 AiO,1,2,1,2018-11-21,12,tik-168,,,
tik-169,2,P.C Unit Merk HP 200 G3 AiO,9,1,1,3,4,P.C Unit Merk HP 200 G3 AiO,1,2,1,2018-11-21,12,tik-169,,,
tik-170,2,P.C Unit Merk HP 200 G3 AiO,9,1,1,3,4,P.C Unit Merk HP 200 G3 AiO,1,2,1,2018-11-21,12,tik-170,,,
tik-171,2,P.C Unit Merk HP 200 G3 AiO,9,1,1,3,4,P.C Unit Merk HP 200 G3 AiO,1,2,1,2018-11-21,12,tik-171,,,
tik-172,2,P.C Unit Merk HP 200 G3 AiO,9,1,1,3,4,P.C Unit Merk HP 200 G3 AiO,1,2,1,2018-11-21,12,tik-172,,,
tik-173,2,P.C Unit Merk HP 200 G3 AiO,9,1,1,3,4,P.C Unit Merk HP 200 G3 AiO,1,2,1,2018-11-22,12,tik-173,,,
tik-174,2,P.C Unit Merk HP 200 G3 AiO,9,1,1,3,4,P.C Unit Merk HP 200 G3 AiO,1,2,1,2018-11-22,12,tik-174,,,
tik-175,2,P.C Unit Merk HP 200 G3 AiO,9,1,1,3,4,P.C Unit Merk HP 200 G3 AiO,1,2,1,2018-11-22,12,tik-175,,,
tik-176,2,P.C Unit Merk HP 200 G3 AiO,9,1,1,3,4,P.C Unit Merk HP 200 G3 AiO,1,2,1,2018-11-22,12,tik-176,,,
tik-177,2,P.C Unit Merk HP 200 G3 AiO,9,1,1,3,4,P.C Unit Merk HP 200 G3 AiO,1,2,1,2018-11-22,12,tik-177,,,
tik-178,2,P.C Unit Merk HP 200 G3 AiO,9,1,1,3,4,P.C Unit Merk HP 200 G3 AiO,1,2,1,2018-11-22,12,tik-178,,,
tik-179,2,P.C Unit Merk HP 200 G3 AiO,9,1,1,3,4,P.C Unit Merk HP 200 G3 AiO,1,2,1,2018-11-22,12,tik-179,,,
tik-180,2,P.C Unit Merk HP 200 G3 AiO,9,1,1,3,4,P.C Unit Merk HP 200 G3 AiO,1,2,1,2018-11-22,12,tik-180,,,
tik-181,2,P.C Unit Merk HP 200 G3 AiO,9,1,1,3,4,P.C Unit Merk HP 200 G3 AiO,1,2,1,2018-11-21,12,tik-181,,,
tik-182,2,PC Desktop Built Up / Hibah Dispar,2,1,1,3,5,PC Desktop Built Up / Hibah Dispar,1,2,1,2019-10-31,12,tik-182,,,
tik-183,2,PC Desktop Built Up / Hibah Dispar,2,1,1,3,5,PC Desktop Built Up / Hibah Dispar,1,2,1,2019-10-31,12,tik-183,,,
tik-184,2,PC Desktop Built Up / Hibah Dispar,2,1,1,3,5,PC Desktop Built Up / Hibah Dispar,1,2,1,2019-10-31,12,tik-184,,,
tik-185,2,PC Desktop Built Up / Hibah Dispar,2,1,1,3,5,PC Desktop Built Up / Hibah Dispar,1,2,1,2019-10-31,12,tik-185,,,
tik-186,2,PC Desktop Built Up / Hibah Dispar,2,1,1,3,5,PC Desktop Built Up / Hibah Dispar,1,2,1,2019-10-31,12,tik-186,,,
tik-187,2,PC Desktop Built Up / Hibah Dispar,2,1,1,3,5,PC Desktop Built Up / Hibah Dispar,1,2,1,2019-10-31,12,tik-187,,,
tik-188,2,PC Desktop Built Up / Hibah Dispar,2,1,1,3,5,PC Desktop Built Up / Hibah Dispar,1,2,1,2019-10-31,12,tik-188,,,
tik-189,2,PC Desktop Built Up / Hibah Dispar,2,1,1,3,5,PC Desktop Built Up / Hibah Dispar,1,2,1,2019-10-31,12,tik-189,,,
tik-190,2,PC Desktop Built Up / Hibah Dispar,2,1,1,3,5,PC Desktop Built Up / Hibah Dispar,1,2,1,2019-10-31,12,tik-190,,,
tik-191,2,PC Desktop Built Up / Hibah Dispar,2,1,1,3,5,PC Desktop Built Up / Hibah Dispar,1,2,1,2019-10-31,12,tik-191,,,
tik-192,2,PC Desktop Built Up / Hibah Dispar,2,1,1,3,5,PC Desktop Built Up / Hibah Dispar,1,2,1,2019-10-31,12,tik-192,,,
tik-193,2,PC Desktop Built Up / Hibah Dispar,2,1,1,3,5,PC Desktop Built Up / Hibah Dispar,1,2,1,2019-10-31,12,tik-193,,,
tik-194,2,PC Desktop Built Up / Hibah Dispar,2,1,1,3,5,PC Desktop Built Up / Hibah Dispar,1,2,1,2019-10-31,12,tik-194,,,
tik-195,2,PC Desktop Built Up / Hibah Dispar,2,1,1,3,5,PC Desktop Built Up / Hibah Dispar,1,2,1,2019-10-31,12,tik-195,,,
tik-196,2,PC Desktop Built Up / Hibah Dispar,2,1,1,3,5,PC Desktop Built Up / Hibah Dispar,1,2,1,2019-10-31,12,tik-196,,,
tik-197,2,PC Desktop Built Up / Hibah Dispar,2,1,1,3,5,PC Desktop Built Up / Hibah Dispar,1,2,1,2019-10-31,12,tik-197,,,
tik-198,2,PC Desktop Built Up / Hibah Dispar,2,1,1,3,5,PC Desktop Built Up / Hibah Dispar,1,2,1,2019-10-31,12,tik-198,,,
tik-199,2,PC Desktop Built Up / Hibah Dispar,2,1,1,3,5,PC Desktop Built Up / Hibah Dispar,1,2,1,2019-10-31,12,tik-199,,,
tik-200,2,PC Desktop Built Up / Hibah Dispar,2,1,1,3,5,PC Desktop Built Up / Hibah Dispar,1,2,1,2019-10-31,12,tik-200,,,
tik-201,2,PC Desktop Built Up / Hibah Dispar,2,1,1,3,5,PC Desktop Built Up / Hibah Dispar,1,2,1,2019-10-31,12,tik-201,,,
tik-202,2,PC Desktop Built Up / Hibah Dispar,2,1,1,3,5,PC Desktop Built Up / Hibah Dispar,1,2,1,2019-10-31,12,tik-202,,,
tik-203,2,PC Desktop Built Up / Hibah Dispar,2,1,1,3,5,PC Desktop Built Up / Hibah Dispar,1,2,1,2019-10-31,12,tik-203,,,
tik-204,2,PC Desktop Built Up / Hibah Dispar,2,1,1,3,5,PC Desktop Built Up / Hibah Dispar,1,2,1,2019-10-31,12,tik-204,,,
tik-205,2,PC Desktop Built Up / Hibah Dispar,2,1,1,3,5,PC Desktop Built Up / Hibah Dispar,1,2,1,2019-10-31,12,tik-205,,,
tik-206,2,PC Desktop Built Up / Hibah Dispar,2,1,1,3,5,PC Desktop Built Up / Hibah Dispar,1,2,1,2019-10-31,12,tik-206,,,
tik-207,2,PC Desktop Built Up / Hibah Dispar,2,1,1,3,5,PC Desktop Built Up / Hibah Dispar,1,2,1,2019-10-31,12,tik-207,,,
tik-208,2,PC Desktop Built Up / Hibah Dispar,2,1,1,3,5,PC Desktop Built Up / Hibah Dispar,1,2,1,2019-10-31,12,tik-208,,,
tik-209,2,PC Desktop Built Up / Hibah Dispar,2,1,1,3,5,PC Desktop Built Up / Hibah Dispar,1,2,1,2019-10-31,12,tik-209,,,
tik-210,2,PC Desktop Built Up / Hibah Dispar,2,1,1,3,5,PC Desktop Built Up / Hibah Dispar,1,2,1,2019-10-31,12,tik-210,,,
tik-211,2,PC Desktop Built Up / Hibah Dispar,2,1,1,3,5,PC Desktop Built Up / Hibah Dispar,1,2,1,2019-10-31,12,tik-211,,,
tik-212,2,PC Desktop Built Up / Hibah Dispar,2,1,1,3,5,PC Desktop Built Up / Hibah Dispar,1,2,1,2019-10-31,12,tik-212,,,
tik-213,2,PC Desktop Built Up / Hibah Dispar,2,1,1,3,5,PC Desktop Built Up / Hibah Dispar,1,2,1,2019-10-31,12,tik-213,,,
tik-214,2,PC Desktop Built Up / Hibah Dispar,2,1,1,3,5,PC Desktop Built Up / Hibah Dispar,1,2,1,2019-10-31,12,tik-214,,,
tik-215,2,PC Desktop Built Up / Hibah Dispar,2,1,1,3,5,PC Desktop Built Up / Hibah Dispar,1,2,1,2019-10-31,12,tik-215,,,
tik-216,2,PC Desktop Built Up / Hibah Dispar,2,1,1,3,5,PC Desktop Built Up / Hibah Dispar,1,2,1,2019-10-31,12,tik-216,,,
tik-217,2,PC Desktop Built Up / Hibah Dispar,2,1,1,3,5,PC Desktop Built Up / Hibah Dispar,1,2,1,2019-10-31,12,tik-217,,,
tik-218,2,PC Desktop Built Up / Hibah Dispar,2,1,1,3,5,PC Desktop Built Up / Hibah Dispar,1,2,1,2019-10-31,12,tik-218,,,
tik-219,2,PC Desktop Built Up / Hibah Dispar,2,1,1,3,5,PC Desktop Built Up / Hibah Dispar,1,2,1,2019-10-31,12,tik-219,,,
tik-220,2,PC Desktop Built Up / Hibah Dispar,2,1,1,3,5,PC Desktop Built Up / Hibah Dispar,1,2,1,2019-10-31,12,tik-220,,,
tik-221,2,PC Desktop Built Up / Hibah Dispar,2,1,1,3,5,PC Desktop Built Up / Hibah Dispar,1,2,1,2019-10-31,12,tik-221,,,
tik-222,2,PC Desktop Built Up / Hibah Dispar,2,1,1,3,5,PC Desktop Built Up / Hibah Dispar,1,2,1,2019-10-31,12,tik-222,,,
tik-223,2,PC Desktop Built Up / Hibah Dispar,2,1,1,3,5,PC Desktop Built Up / Hibah Dispar,1,2,1,2019-10-31,12,tik-223,,,
tik-224,2,PC Desktop Built Up / Hibah Dispar,2,1,1,3,5,PC Desktop Built Up / Hibah Dispar,1,2,1,2019-10-31,12,tik-224,,,
tik-225,2,PC Desktop Built Up / Hibah Dispar,2,1,1,3,5,PC Desktop Built Up / Hibah Dispar,1,2,1,2019-10-31,12,tik-225,,,
tik-226,2,PC Desktop Built Up / Hibah Dispar,2,1,1,3,5,PC Desktop Built Up / Hibah Dispar,1,2,1,2019-10-31,12,tik-226,,,
tik-227,2,PC Desktop Built Up / Hibah Dispar,2,1,1,3,5,PC Desktop Built Up / Hibah Dispar,1,2,1,2019-10-31,12,tik-227,,,
tik-228,2,PC Desktop Built Up / Hibah Dispar,2,1,1,3,5,PC Desktop Built Up / Hibah Dispar,1,2,1,2019-10-31,12,tik-228,,,
tik-229,2,PC Desktop Built Up / Hibah Dispar,2,1,1,3,5,PC Desktop Built Up / Hibah Dispar,1,2,1,2019-10-31,12,tik-229,,,
tik-230,2,PC Desktop Built Up / Hibah Dispar,2,1,1,3,5,PC Desktop Built Up / Hibah Dispar,1,2,1,2019-10-31,12,tik-230,,,
tik-231,2,PC Desktop Built Up / Hibah Dispar,2,1,1,3,5,PC Desktop Built Up / Hibah Dispar,1,2,1,2019-10-31,12,tik-231,,,
tik-232,2,PC Desktop Built Up / Hibah Dispar,2,1,1,3,5,PC Desktop Built Up / Hibah Dispar,1,2,1,2019-10-31,12,tik-232,,,
tik-233,2,PC Desktop Built Up / Hibah Dispar,2,1,1,3,5,PC Desktop Built Up / Hibah Dispar,1,2,1,2019-10-31,12,tik-233,,,
tik-234,2,PC Desktop Built Up / Hibah Dispar,2,1,1,3,5,PC Desktop Built Up / Hibah Dispar,1,2,1,2019-10-31,12,tik-234,,,
tik-235,2,PC Desktop Built Up / Hibah Dispar,2,1,1,3,5,PC Desktop Built Up / Hibah Dispar,1,2,1,2019-10-31,12,tik-235,,,
tik-236,2,PC Desktop Built Up / Hibah Dispar,2,1,1,3,5,PC Desktop Built Up / Hibah Dispar,1,2,1,2019-10-31,12,tik-236,,,
tik-237,2,PC Desktop Built Up / Hibah Dispar,2,1,1,3,5,PC Desktop Built Up / Hibah Dispar,1,2,1,2019-10-31,12,tik-237,,,
tik-238,2,PC Desktop Built Up / Hibah Dispar,2,1,1,3,5,PC Desktop Built Up / Hibah Dispar,1,2,1,2019-10-31,12,tik-238,,,
tik-239,2,PC Desktop Built Up / Hibah Dispar,2,1,1,3,5,PC Desktop Built Up / Hibah Dispar,1,2,1,2019-10-31,12,tik-239,,,
tik-240,2,PC Desktop Built Up / Hibah Dispar,2,1,1,3,5,PC Desktop Built Up / Hibah Dispar,1,2,1,2019-10-31,12,tik-240,,,
tik-241,2,PC Desktop Built Up / Hibah Dispar,2,1,1,3,5,PC Desktop Built Up / Hibah Dispar,1,2,1,2019-10-31,12,tik-241,,,
tik-242,2,PC Desktop Built Up / Hibah Dispar,2,1,1,3,5,PC Desktop Built Up / Hibah Dispar,1,2,1,2019-10-31,12,tik-242,,,
tik-243,2,PC Desktop Built Up / Hibah Dispar,2,1,1,3,5,PC Desktop Built Up / Hibah Dispar,1,2,1,2019-10-31,12,tik-243,,,
tik-244,2,PC Desktop Built Up / Hibah Dispar,2,1,1,3,5,PC Desktop Built Up / Hibah Dispar,1,2,1,2019-10-31,12,tik-244,,,
tik-245,2,PC Desktop Built Up / Hibah Dispar,2,1,1,3,5,PC Desktop Built Up / Hibah Dispar,1,2,1,2019-10-31,12,tik-245,,,
tik-246,2,PC Desktop Built Up / Hibah Dispar,2,1,1,3,5,PC Desktop Built Up / Hibah Dispar,1,2,1,2019-10-31,12,tik-246,,,
tik-247,2,PC Desktop Built Up / Hibah Dispar,2,1,1,3,5,PC Desktop Built Up / Hibah Dispar,1,2,1,2019-10-31,12,tik-247,,,
tik-248,2,PC Desktop Built Up / Hibah Dispar,2,1,1,3,5,PC Desktop Built Up / Hibah Dispar,1,2,1,2019-10-31,12,tik-248,,,
tik-249,2,PC Desktop Built Up / Hibah Dispar,2,1,1,3,5,PC Desktop Built Up / Hibah Dispar,1,2,1,2019-10-31,12,tik-249,,,
tik-250,2,PC Desktop Built Up / Hibah Dispar,2,1,1,3,5,PC Desktop Built Up / Hibah Dispar,1,2,1,2019-10-31,12,tik-250,,,
tik-251,2,PC Desktop Built Up / Hibah Dispar,2,1,1,3,5,PC Desktop Built Up / Hibah Dispar,1,2,1,2019-10-31,12,tik-251,,,
tik-252,2,PC Desktop Built Up / Hibah Dispar,2,1,1,3,5,PC Desktop Built Up / Hibah Dispar,1,2,1,2019-10-31,12,tik-252,,,
tik-253,2,PC Desktop Built Up / Hibah Dispar,2,1,1,3,5,PC Desktop Built Up / Hibah Dispar,1,2,1,2019-10-31,12,tik-253,,,
tik-254,2,"KOMPUTER PC MERK AIO 200 G3 (I3,4GB,1TB,WIN10,21IN",9,1,1,3,4,"KOMPUTER PC MERK AIO 200 G3 (I3,4GB,1TB,WIN10,21IN",1,2,1,2019-11-21,12,tik-254,,,
tik-255,2,"KOMPUTER PC MERK AIO 200 G3 (I3,4GB,1TB,WIN10,21IN",9,1,1,3,4,"KOMPUTER PC MERK AIO 200 G3 (I3,4GB,1TB,WIN10,21IN",1,2,1,2019-11-21,12,tik-255,,,
tik-256,2,"KOMPUTER PC MERK AIO 200 G3 (I3,4GB,1TB,WIN10,21IN",9,1,1,3,4,"KOMPUTER PC MERK AIO 200 G3 (I3,4GB,1TB,WIN10,21IN",1,2,1,2019-11-21,12,tik-256,,,
tik-257,2,"KOMPUTER PC MERK AIO 200 G3 (I3,4GB,1TB,WIN10,21IN",9,1,1,3,4,"KOMPUTER PC MERK AIO 200 G3 (I3,4GB,1TB,WIN10,21IN",1,2,1,2019-11-21,12,tik-257,,,
tik-258,2,"KOMPUTER PC MERK AIO 200 G3 (I3,4GB,1TB,WIN10,21IN",9,1,1,3,4,"KOMPUTER PC MERK AIO 200 G3 (I3,4GB,1TB,WIN10,21IN",1,2,1,2019-11-21,12,tik-258,,,
tik-259,2,"KOMPUTER PC MERK AIO 200 G3 (I3,4GB,1TB,WIN10,21IN",9,1,1,3,4,"KOMPUTER PC MERK AIO 200 G3 (I3,4GB,1TB,WIN10,21IN",1,2,1,2019-11-21,12,tik-259,,,
tik-260,2,"KOMPUTER PC MERK AIO 200 G3 (I3,4GB,1TB,WIN10,21IN",9,1,1,3,4,"KOMPUTER PC MERK AIO 200 G3 (I3,4GB,1TB,WIN10,21IN",1,2,1,2019-11-21,12,tik-260,,,
tik-261,2,"KOMPUTER PC MERK AIO 200 G3 (I3,4GB,1TB,WIN10,21IN",9,1,1,3,4,"KOMPUTER PC MERK AIO 200 G3 (I3,4GB,1TB,WIN10,21IN",1,2,1,2019-11-21,12,tik-261,,,
tik-262,2,"KOMPUTER PC MERK AIO 200 G3 (I3,4GB,1TB,WIN10,21IN",9,1,1,3,4,"KOMPUTER PC MERK AIO 200 G3 (I3,4GB,1TB,WIN10,21IN",1,2,1,2019-11-21,12,tik-262,,,
tik-263,2,"KOMPUTER PC MERK AIO 200 G3 (I3,4GB,1TB,WIN10,21IN",9,1,1,3,4,"KOMPUTER PC MERK AIO 200 G3 (I3,4GB,1TB,WIN10,21IN",1,2,1,2019-11-21,12,tik-263,,,
tik-264,2,"KOMPUTER PC MERK AIO 200 G3 (I3,4GB,1TB,WIN10,21IN",9,1,1,3,4,"KOMPUTER PC MERK AIO 200 G3 (I3,4GB,1TB,WIN10,21IN",1,2,1,2019-11-21,12,tik-264,,,
tik-265,2,"KOMPUTER PC MERK AIO 200 G3 (I3,4GB,1TB,WIN10,21IN",9,1,1,3,4,"KOMPUTER PC MERK AIO 200 G3 (I3,4GB,1TB,WIN10,21IN",1,2,1,2019-11-21,12,tik-265,,,
tik-266,2,"KOMPUTER PC MERK AIO 200 G3 (I3,4GB,1TB,WIN10,21IN",9,1,1,3,4,"KOMPUTER PC MERK AIO 200 G3 (I3,4GB,1TB,WIN10,21IN",1,2,1,2019-11-21,12,tik-266,,,
tik-267,2,"KOMPUTER PC MERK AIO 200 G3 (I3,4GB,1TB,WIN10,21IN",9,1,1,3,4,"KOMPUTER PC MERK AIO 200 G3 (I3,4GB,1TB,WIN10,21IN",1,2,1,2019-11-21,12,tik-267,,,
tik-268,2,"KOMPUTER PC MERK AIO 200 G3 (I3,4GB,1TB,WIN10,21IN",9,1,1,3,4,"KOMPUTER PC MERK AIO 200 G3 (I3,4GB,1TB,WIN10,21IN",1,2,1,2019-11-21,12,tik-268,,,
tik-269,2,"KOMPUTER PC MERK AIO 200 G3 (I3,4GB,1TB,WIN10,21IN",9,1,1,3,4,"KOMPUTER PC MERK AIO 200 G3 (I3,4GB,1TB,WIN10,21IN",1,2,1,2019-11-21,12,tik-269,,,
tik-270,2,"KOMPUTER PC MERK AIO 200 G3 (I3,4GB,1TB,WIN10,21IN",9,1,1,3,4,"KOMPUTER PC MERK AIO 200 G3 (I3,4GB,1TB,WIN10,21IN",1,2,1,2019-11-21,12,tik-270,,,
tik-271,2,"KOMPUTER PC MERK AIO 200 G3 (I3,4GB,1TB,WIN10,21IN",9,1,1,3,4,"KOMPUTER PC MERK AIO 200 G3 (I3,4GB,1TB,WIN10,21IN",1,2,1,2019-11-21,12,tik-271,,,
tik-272,2,"KOMPUTER PC MERK AIO 200 G3 (I3,4GB,1TB,WIN10,21IN",9,1,1,3,4,"KOMPUTER PC MERK AIO 200 G3 (I3,4GB,1TB,WIN10,21IN",1,2,1,2019-11-21,12,tik-272,,,
tik-273,2,"KOMPUTER PC MERK AIO 200 G3 (I3,4GB,1TB,WIN10,21IN",9,1,1,3,4,"KOMPUTER PC MERK AIO 200 G3 (I3,4GB,1TB,WIN10,21IN",1,2,1,2019-11-21,12,tik-273,,,
tik-274,2,"KOMPUTER PC MERK AIO 200 G3 (I3,4GB,1TB,WIN10,21IN",9,1,1,3,4,"KOMPUTER PC MERK AIO 200 G3 (I3,4GB,1TB,WIN10,21IN",1,2,1,2019-11-21,12,tik-274,,,
tik-275,2,"PC MERK HP 200 G4 AIO (15,4GB,1TB,WIN10,21.5"")",9,1,1,3,4,"PC MERK HP 200 G4 AIO (15,4GB,1TB,WIN10,21.5"")",1,2,1,2020-12-17,12,tik-275,,,
tik-276,2,"PC MERK HP 200 G4 AIO (15,4GB,1TB,WIN10,21.5"")",9,1,1,3,4,"PC MERK HP 200 G4 AIO (15,4GB,1TB,WIN10,21.5"")",1,2,1,2020-12-17,12,tik-276,,,
tik-277,2,"PC MERK HP 200 G4 AIO (15,4GB,1TB,WIN10,21.5"")",9,1,1,3,4,"PC MERK HP 200 G4 AIO (15,4GB,1TB,WIN10,21.5"")",1,2,1,2020-12-17,12,tik-277,,,
tik-278,2,"PC MERK HP 200 G4 AIO (15,4GB,1TB,WIN10,21.5"")",9,1,1,3,4,"PC MERK HP 200 G4 AIO (15,4GB,1TB,WIN10,21.5"")",1,2,1,2020-12-17,12,tik-278,,,
tik-279,2,"PC MERK HP 200 G4 AIO (15,4GB,1TB,WIN10,21.5"")",9,1,1,3,4,"PC MERK HP 200 G4 AIO (15,4GB,1TB,WIN10,21.5"")",1,2,1,2020-12-17,12,tik-279,,,
tik-280,2,"PC MERK HP 200 G4 AIO (15,4GB,1TB,WIN10,21.5"")",9,1,1,3,4,"PC MERK HP 200 G4 AIO (15,4GB,1TB,WIN10,21.5"")",1,2,1,2020-12-17,12,tik-280,,,
tik-281,2,"PC MERK HP 200 G4 AIO (15,4GB,1TB,WIN10,21.5"")",9,1,1,3,4,"PC MERK HP 200 G4 AIO (15,4GB,1TB,WIN10,21.5"")",1,2,1,2020-12-17,12,tik-281,,,
tik-282,2,"PC MERK HP 200 G4 AIO (15,4GB,1TB,WIN10,21.5"")",9,1,1,3,4,"PC MERK HP 200 G4 AIO (15,4GB,1TB,WIN10,21.5"")",1,2,1,2020-12-17,12,tik-282,,,
tik-283,2,"PC MERK HP 200 G4 AIO (15,4GB,1TB,WIN10,21.5"")",9,1,1,3,4,"PC MERK HP 200 G4 AIO (15,4GB,1TB,WIN10,21.5"")",1,2,1,2020-12-17,12,tik-283,,,
tik-284,2,"PC MERK HP 200 G4 AIO (15,4GB,1TB,WIN10,21.5"")",9,1,1,3,4,"PC MERK HP 200 G4 AIO (15,4GB,1TB,WIN10,21.5"")",1,2,1,2020-12-17,12,tik-284,,,
tik-285,2,"P.C Merk HP 200 AIO Intel Core I3,4GB,HD 1TB,21.5""",9,1,1,3,4,"P.C Merk HP 200 AIO Intel Core I3,4GB,HD 1TB,21.5""",1,2,1,2021-07-09,12,tik-285,,,
tik-286,2,"HP 200 Pro G4 AiO (i5-10210U,8GB,1TBHDD,21.5in",9,1,1,3,4,"HP 200 Pro G4 AiO (i5-10210U,8GB,1TBHDD,21.5in",1,2,1,2021-12-22,12,tik-286,,,
tik-287,2,"HP 200 Pro G4 AiO (i5-10210U,8GB,1TBHDD,21.5in",9,1,1,3,4,"HP 200 Pro G4 AiO (i5-10210U,8GB,1TBHDD,21.5in",1,2,1,2021-12-22,12,tik-287,,,
tik-288,2,"HP 200 Pro G4 AiO (i5-10210U,8GB,1TBHDD,21.5in",9,1,1,3,4,"HP 200 Pro G4 AiO (i5-10210U,8GB,1TBHDD,21.5in",1,2,1,2021-12-22,12,tik-288,,,
tik-289,2,"HP 200 Pro G4 AiO (i5-10210U,8GB,1TBHDD,21.5in",9,1,1,3,4,"HP 200 Pro G4 AiO (i5-10210U,8GB,1TBHDD,21.5in",1,2,1,2021-12-22,12,tik-289,,,
tik-290,2,"HP 200 Pro G4 AiO (i5-10210U,8GB,1TBHDD,21.5in",9,1,1,3,4,"HP 200 Pro G4 AiO (i5-10210U,8GB,1TBHDD,21.5in",1,2,1,2021-12-22,12,tik-290,,,
tik-291,2,"HP 200 Pro G4 AiO (i5-10210U,8GB,1TBHDD,21.5in",9,1,1,3,4,"HP 200 Pro G4 AiO (i5-10210U,8GB,1TBHDD,21.5in",1,2,1,2021-12-22,12,tik-291,,,
tik-292,2,"HP 200 Pro G4 AiO (i5-10210U,8GB,1TBHDD,21.5in",9,1,1,3,4,"HP 200 Pro G4 AiO (i5-10210U,8GB,1TBHDD,21.5in",1,2,1,2021-12-22,12,tik-292,,,
tik-293,2,"HP 200 Pro G4 AiO (i5-10210U,8GB,1TBHDD,21.5in",9,1,1,3,4,"HP 200 Pro G4 AiO (i5-10210U,8GB,1TBHDD,21.5in",1,2,1,2021-12-22,12,tik-293,,,
tik-294,2,"HP 200 Pro G4 AiO (i5-10210U,8GB,1TBHDD,21.5in",9,1,1,3,4,"HP 200 Pro G4 AiO (i5-10210U,8GB,1TBHDD,21.5in",1,2,1,2021-12-22,12,tik-294,,,
tik-295,2,"HP 200 Pro G4 AiO (i5-10210U,8GB,1TBHDD,21.5in",9,1,1,3,4,"HP 200 Pro G4 AiO (i5-10210U,8GB,1TBHDD,21.5in",1,2,1,2021-12-22,12,tik-295,,,
tik-296,2,"HP 200 Pro G4 AiO (i5-10210U,8GB,1TBHDD,21.5in",9,1,1,3,4,"HP 200 Pro G4 AiO (i5-10210U,8GB,1TBHDD,21.5in",1,2,1,2021-12-22,12,tik-296,,,
tik-297,2,"HP 200 Pro G4 AiO (i5-10210U,8GB,1TBHDD,21.5in",9,1,1,3,4,"HP 200 Pro G4 AiO (i5-10210U,8GB,1TBHDD,21.5in",1,2,1,2021-12-22,12,tik-297,,,
tik-298,2,"HP 200 Pro G4 AiO (i5-10210U,8GB,1TBHDD,21.5in",9,1,1,3,4,"HP 200 Pro G4 AiO (i5-10210U,8GB,1TBHDD,21.5in",1,2,1,2021-12-22,12,tik-298,,,
tik-299,2,"HP 200 Pro G4 AiO (i5-10210U,8GB,1TBHDD,21.5in",9,1,1,3,4,"HP 200 Pro G4 AiO (i5-10210U,8GB,1TBHDD,21.5in",1,2,1,2021-12-22,12,tik-299,,,
tik-300,2,"HP 200 Pro G4 AiO (i5-10210U,8GB,1TBHDD,21.5in",9,1,1,3,4,"HP 200 Pro G4 AiO (i5-10210U,8GB,1TBHDD,21.5in",1,2,1,2021-12-22,12,tik-300,,,
tik-301,2,"HP 200 Pro G4 AiO (i5-10210U,8GB,1TBHDD,21.5in",9,1,1,3,4,"HP 200 Pro G4 AiO (i5-10210U,8GB,1TBHDD,21.5in",1,2,1,2021-12-22,12,tik-301,,,
tik-302,2,"HP 200 Pro G4 AiO (i5-10210U,8GB,1TBHDD,21.5in",9,1,1,3,4,"HP 200 Pro G4 AiO (i5-10210U,8GB,1TBHDD,21.5in",1,2,1,2021-12-22,12,tik-302,,,
tik-303,2,"HP 200 Pro G4 AiO (i5-10210U,8GB,1TBHDD,21.5in",9,1,1,3,4,"HP 200 Pro G4 AiO (i5-10210U,8GB,1TBHDD,21.5in",1,2,1,2021-12-22,12,tik-303,,,
tik-304,2,"HP 200 Pro G4 AiO (i5-10210U,8GB,1TBHDD,21.5in",9,1,1,3,4,"HP 200 Pro G4 AiO (i5-10210U,8GB,1TBHDD,21.5in",1,2,1,2021-12-22,12,tik-304,,,
tik-305,2,"HP 200 Pro G4 AiO (i5-10210U,8GB,1TBHDD,21.5in",9,1,1,3,4,"HP 200 Pro G4 AiO (i5-10210U,8GB,1TBHDD,21.5in",1,2,1,2021-12-22,12,tik-305,,,
tik-306,2,"HP 200 Pro G4 AiO (i5-10210U,8GB,1TBHDD,21.5in",9,1,1,3,4,"HP 200 Pro G4 AiO (i5-10210U,8GB,1TBHDD,21.5in",1,2,1,2021-12-22,12,tik-306,,,
tik-307,2,"HP 200 Pro G4 AiO (i5-10210U,8GB,1TBHDD,21.5in",9,1,1,3,4,"HP 200 Pro G4 AiO (i5-10210U,8GB,1TBHDD,21.5in",1,2,1,2021-12-22,12,tik-307,,,
tik-308,2,"HP 200 Pro G4 AiO (i5-10210U,8GB,1TBHDD,21.5in",9,1,1,3,4,"HP 200 Pro G4 AiO (i5-10210U,8GB,1TBHDD,21.5in",1,2,1,2021-12-22,12,tik-308,,,
tik-309,2,"HP 200 Pro G4 AiO (i5-10210U,8GB,1TBHDD,21.5in",9,1,1,3,4,"HP 200 Pro G4 AiO (i5-10210U,8GB,1TBHDD,21.5in",1,2,1,2021-12-22,12,tik-309,,,
tik-310,2,"HP 200 Pro G4 AiO (i5-10210U,8GB,1TBHDD,21.5in",9,1,1,3,4,"HP 200 Pro G4 AiO (i5-10210U,8GB,1TBHDD,21.5in",1,2,1,2021-12-22,12,tik-310,,,
tik-311,2,"HP 200 Pro G4 AiO (i5-10210U,8GB,1TBHDD,21.5in",9,1,1,3,4,"HP 200 Pro G4 AiO (i5-10210U,8GB,1TBHDD,21.5in",1,2,1,2021-12-22,12,tik-311,,,
tik-312,2,"HP 200 Pro G4 AiO (i5-10210U,8GB,1TBHDD,21.5in",9,1,1,3,4,"HP 200 Pro G4 AiO (i5-10210U,8GB,1TBHDD,21.5in",1,2,1,2021-12-22,12,tik-312,,,
tik-313,2,"HP 200 Pro G4 AiO (i5-10210U,8GB,1TBHDD,21.5in",9,1,1,3,4,"HP 200 Pro G4 AiO (i5-10210U,8GB,1TBHDD,21.5in",1,2,1,2021-12-22,12,tik-313,,,
tik-314,2,"HP 200 Pro G4 AiO (i5-10210U,8GB,1TBHDD,21.5in",9,1,1,3,4,"HP 200 Pro G4 AiO (i5-10210U,8GB,1TBHDD,21.5in",1,2,1,2021-12-22,12,tik-314,,,
tik-315,2,"HP 200 Pro G4 AiO (i5-10210U,8GB,1TBHDD,21.5in",9,1,1,3,4,"HP 200 Pro G4 AiO (i5-10210U,8GB,1TBHDD,21.5in",1,2,1,2021-12-22,12,tik-315,,,
tik-316,2,"HP 200 Pro G4 AiO (i5-10210U,8GB,1TBHDD,21.5in",9,1,1,3,4,"HP 200 Pro G4 AiO (i5-10210U,8GB,1TBHDD,21.5in",1,2,1,2021-12-22,12,tik-316,,,
tik-317,2,"HP 200 Pro G4 AiO (i5-10210U,8GB,1TBHDD,21.5in",9,1,1,3,4,"HP 200 Pro G4 AiO (i5-10210U,8GB,1TBHDD,21.5in",1,2,1,2021-12-22,12,tik-317,,,
tik-318,2,"HP 200 Pro G4 AiO (i5-10210U,8GB,1TBHDD,21.5in",9,1,1,3,4,"HP 200 Pro G4 AiO (i5-10210U,8GB,1TBHDD,21.5in",1,2,1,2021-12-22,12,tik-318,,,
tik-319,2,"HP 200 Pro G4 AiO (i5-10210U,8GB,1TBHDD,21.5in",9,1,1,3,4,"HP 200 Pro G4 AiO (i5-10210U,8GB,1TBHDD,21.5in",1,2,1,2021-12-22,12,tik-319,,,
tik-320,2,"HP 200 Pro G4 AiO (i5-10210U,8GB,1TBHDD,21.5in",9,1,1,3,4,"HP 200 Pro G4 AiO (i5-10210U,8GB,1TBHDD,21.5in",1,2,1,2021-12-22,12,tik-320,,,
tik-321,2,"HP 200 Pro G4 AiO (i5-10210U,8GB,1TBHDD,21.5in",9,1,1,3,4,"HP 200 Pro G4 AiO (i5-10210U,8GB,1TBHDD,21.5in",1,2,1,2021-12-22,12,tik-321,,,
tik-322,2,"HP 200 Pro G4 AiO (i5-10210U,8GB,1TBHDD,21.5in",9,1,1,3,4,"HP 200 Pro G4 AiO (i5-10210U,8GB,1TBHDD,21.5in",1,2,1,2021-12-22,12,tik-322,,,
tik-323,2,"Acer Aspire C24-1651-Intel Ci5-1135G7,8GB DDR4,24I",9,1,1,3,6,"Acer Aspire C24-1651-Intel Ci5-1135G7,8GB DDR4,24I",1,2,1,2021-12-22,12,tik-323,,,
tik-324,2,"Acer Aspire C24-1651-Intel Ci5-1135G7,8GB DDR4,24I",9,1,1,3,6,"Acer Aspire C24-1651-Intel Ci5-1135G7,8GB DDR4,24I",1,2,1,2021-12-22,12,tik-324,,,
tik-325,2,"Acer Aspire C24-1651-Intel Ci5-1135G7,8GB DDR4,24I",9,1,1,3,6,"Acer Aspire C24-1651-Intel Ci5-1135G7,8GB DDR4,24I",1,2,1,2021-12-22,12,tik-325,,,
tik-326,2,"Acer Aspire C24-1651-Intel Ci5-1135G7,8GB DDR4,24I",9,1,1,3,6,"Acer Aspire C24-1651-Intel Ci5-1135G7,8GB DDR4,24I",1,2,1,2021-12-22,12,tik-326,,,
tik-327,2,"Acer Aspire C24-1651-Intel Ci5-1135G7,8GB DDR4,24I",9,1,1,3,6,"Acer Aspire C24-1651-Intel Ci5-1135G7,8GB DDR4,24I",1,2,1,2021-12-22,12,tik-327,,,
tik-328,2,"Acer Aspire C24-1651-Intel Ci5-1135G7,8GB DDR4,24I",9,1,1,3,6,"Acer Aspire C24-1651-Intel Ci5-1135G7,8GB DDR4,24I",1,2,1,2021-12-22,12,tik-328,,,
tik-329,2,"Acer Aspire C24-1651-Intel Ci5-1135G7,8GB DDR4,24I",9,1,1,3,6,"Acer Aspire C24-1651-Intel Ci5-1135G7,8GB DDR4,24I",1,2,1,2021-12-22,12,tik-329,,,
tik-330,2,"Acer Aspire C24-1651-Intel Ci5-1135G7,8GB DDR4,24I",9,1,1,3,6,"Acer Aspire C24-1651-Intel Ci5-1135G7,8GB DDR4,24I",1,2,1,2021-12-22,12,tik-330,,,
tik-331,2,"Acer Aspire C24-1651-Intel Ci5-1135G7,8GB DDR4,24I",9,1,1,3,6,"Acer Aspire C24-1651-Intel Ci5-1135G7,8GB DDR4,24I",1,2,1,2021-12-22,12,tik-331,,,
tik-332,2,"Acer Aspire C24-1651-Intel Ci5-1135G7,8GB DDR4,24I",9,1,1,3,6,"Acer Aspire C24-1651-Intel Ci5-1135G7,8GB DDR4,24I",1,2,1,2021-12-22,12,tik-332,,,
tik-333,2,"Acer Aspire C24-1651-Intel Ci5-1135G7,8GB DDR4,24I",9,1,1,3,6,"Acer Aspire C24-1651-Intel Ci5-1135G7,8GB DDR4,24I",1,2,1,2021-12-22,12,tik-333,,,
tik-334,2,"Acer Aspire C24-1651-Intel Ci5-1135G7,8GB DDR4,24I",9,1,1,3,6,"Acer Aspire C24-1651-Intel Ci5-1135G7,8GB DDR4,24I",1,2,1,2021-12-22,12,tik-334,,,
tik-335,2,"Acer Aspire C24-1651-Intel Ci5-1135G7,8GB DDR4,24I",9,1,1,3,6,"Acer Aspire C24-1651-Intel Ci5-1135G7,8GB DDR4,24I",1,2,1,2021-12-22,12,tik-335,,,
tik-336,2,"Acer Aspire C24-1651-Intel Ci5-1135G7,8GB DDR4,24I",9,1,1,3,6,"Acer Aspire C24-1651-Intel Ci5-1135G7,8GB DDR4,24I",1,2,1,2021-12-22,12,tik-336,,,
tik-337,2,"Acer Aspire C24-1651-Intel Ci5-1135G7,8GB DDR4,24I",9,1,1,3,6,"Acer Aspire C24-1651-Intel Ci5-1135G7,8GB DDR4,24I",1,2,1,2021-12-22,12,tik-337,,,
tik-338,2,"Acer Aspire C24-1651-Intel Ci5-1135G7,8GB DDR4,24I",9,1,1,3,6,"Acer Aspire C24-1651-Intel Ci5-1135G7,8GB DDR4,24I",1,2,1,2021-12-22,12,tik-338,,,
tik-339,2,"Acer Aspire C24-1651-Intel Ci5-1135G7,8GB DDR4,24I",9,1,1,3,6,"Acer Aspire C24-1651-Intel Ci5-1135G7,8GB DDR4,24I",1,2,1,2021-12-22,12,tik-339,,,
tik-340,2,"Acer Aspire C24-1651-Intel Ci5-1135G7,8GB DDR4,24I",9,1,1,3,6,"Acer Aspire C24-1651-Intel Ci5-1135G7,8GB DDR4,24I",1,2,1,2021-12-22,12,tik-340,,,
tik-341,2,"Acer Aspire C24-1651-Intel Ci5-1135G7,8GB DDR4,24I",9,1,1,3,6,"Acer Aspire C24-1651-Intel Ci5-1135G7,8GB DDR4,24I",1,2,1,2021-12-22,12,tik-341,,,
tik-342,2,"Acer Aspire C24-1651-Intel Ci5-1135G7,8GB DDR4,24I",9,1,1,3,6,"Acer Aspire C24-1651-Intel Ci5-1135G7,8GB DDR4,24I",1,2,1,2021-12-22,12,tik-342,,,
tik-343,2,"Acer Aspire C24-1651-Intel Ci5-1135G7,8GB DDR4,24I",9,1,1,3,6,"Acer Aspire C24-1651-Intel Ci5-1135G7,8GB DDR4,24I",1,2,1,2021-12-22,12,tik-343,,,
tik-344,2,"Acer Aspire C24-1651-Intel Ci5-1135G7,8GB DDR4,24I",9,1,1,3,6,"Acer Aspire C24-1651-Intel Ci5-1135G7,8GB DDR4,24I",1,2,1,2021-12-22,12,tik-344,,,
tik-345,2,"Acer Aspire C24-1651-Intel Ci5-1135G7,8GB DDR4,24I",9,1,1,3,6,"Acer Aspire C24-1651-Intel Ci5-1135G7,8GB DDR4,24I",1,2,1,2021-12-22,12,tik-345,,,
tik-346,2,"Acer Aspire C24-1651-Intel Ci5-1135G7,8GB DDR4,24I",9,1,1,3,6,"Acer Aspire C24-1651-Intel Ci5-1135G7,8GB DDR4,24I",1,2,1,2021-12-22,12,tik-346,,,
tik-347,2,"Acer Aspire C24-1651-Intel Ci5-1135G7,8GB DDR4,24I",9,1,1,3,6,"Acer Aspire C24-1651-Intel Ci5-1135G7,8GB DDR4,24I",1,2,1,2021-12-22,12,tik-347,,,
tik-348,2,"Acer Aspire C24-1651-Intel Ci5-1135G7,8GB DDR4,24I",9,1,1,3,6,"Acer Aspire C24-1651-Intel Ci5-1135G7,8GB DDR4,24I",1,2,1,2021-12-22,12,tik-348,,,
tik-349,2,"Acer Aspire C24-1651-Intel Ci5-1135G7,8GB DDR4,24I",9,1,1,3,6,"Acer Aspire C24-1651-Intel Ci5-1135G7,8GB DDR4,24I",1,2,1,2021-12-22,12,tik-349,,,
tik-350,2,"Acer Aspire C24-1651-Intel Ci5-1135G7,8GB DDR4,24I",9,1,1,3,6,"Acer Aspire C24-1651-Intel Ci5-1135G7,8GB DDR4,24I",1,2,1,2021-12-22,12,tik-350,,,
tik-351,2,"Acer Aspire C24-1651-Intel Ci5-1135G7,8GB DDR4,24I",9,1,1,3,6,"Acer Aspire C24-1651-Intel Ci5-1135G7,8GB DDR4,24I",1,2,1,2021-12-22,12,tik-351,,,
tik-352,2,"Acer Aspire C24-1651-Intel Ci5-1135G7,8GB DDR4,24I",9,1,1,3,6,"Acer Aspire C24-1651-Intel Ci5-1135G7,8GB DDR4,24I",1,2,1,2021-12-22,12,tik-352,,,
tik-353,2,"Acer Aspire C24-1651-Intel Ci5-1135G7,8GB DDR4,24I",9,1,1,3,6,"Acer Aspire C24-1651-Intel Ci5-1135G7,8GB DDR4,24I",1,2,1,2021-12-22,12,tik-353,,,
tik-354,2,"Acer Aspire C24-1651-Intel Ci5-1135G7,8GB DDR4,24I",9,1,1,3,6,"Acer Aspire C24-1651-Intel Ci5-1135G7,8GB DDR4,24I",1,2,1,2021-12-22,12,tik-354,,,
tik-355,2,"Acer Aspire C24-1651-Intel Ci5-1135G7,8GB DDR4,24I",9,1,1,3,6,"Acer Aspire C24-1651-Intel Ci5-1135G7,8GB DDR4,24I",1,2,1,2021-12-22,12,tik-355,,,
tik-356,2,"Acer Aspire C24-1651-Intel Ci5-1135G7,8GB DDR4,24I",9,1,1,3,6,"Acer Aspire C24-1651-Intel Ci5-1135G7,8GB DDR4,24I",1,2,1,2021-12-22,12,tik-356,,,
tik-357,2,"Acer Aspire C24-1651-Intel Ci5-1135G7,8GB DDR4,24I",9,1,1,3,6,"Acer Aspire C24-1651-Intel Ci5-1135G7,8GB DDR4,24I",1,2,1,2021-12-22,12,tik-357,,,
tik-358,2,"Acer Aspire C24-1651-Intel Ci5-1135G7,8GB DDR4,24I",9,1,1,3,6,"Acer Aspire C24-1651-Intel Ci5-1135G7,8GB DDR4,24I",1,2,1,2021-12-22,12,tik-358,,,
tik-359,2,"Acer Aspire C24-1651-Intel Ci5-1135G7,8GB DDR4,24I",9,1,1,3,6,"Acer Aspire C24-1651-Intel Ci5-1135G7,8GB DDR4,24I",1,2,1,2021-12-22,12,tik-359,,,
tik-360,2,"Acer Aspire C24-1651-Intel Ci5-1135G7,8GB DDR4,24I",9,1,1,3,6,"Acer Aspire C24-1651-Intel Ci5-1135G7,8GB DDR4,24I",1,2,1,2021-12-22,12,tik-360,,,
tik-361,2,P.C Merk HP 200 Pro G4 All-in-One (2J871PA),9,1,1,3,4,P.C Merk HP 200 Pro G4 All-in-One (2J871PA),1,2,1,2022-12-22,12,tik-361,,,
tik-362,2,"PC All in one (Intel Core i5, Ram 8GB, SSD512gb, 24"", Win10 Original, License Office 365 / Food Center",9,1,1,3,4,"PC All in one (Intel Core i5, Ram 8GB, SSD512gb, 24"", Win10 Original, License Office 365 / Food Center",1,2,1,2022-11-29,12,tik-362,,,
tik-363,2,"PC All in one (Intel Core i5, Ram 8GB, SSD512gb, 24"", Win10 Original, License Office 365 / Food Center",9,1,1,3,4,"PC All in one (Intel Core i5, Ram 8GB, SSD512gb, 24"", Win10 Original, License Office 365 / Food Center",1,2,1,2022-11-29,12,tik-363,,,
tik-364,2,"PC All in one (Intel Core i5, Ram 8GB, SSD512gb, 24"", Win10 Original, License Office 365 / Food Center",9,1,1,3,4,"PC All in one (Intel Core i5, Ram 8GB, SSD512gb, 24"", Win10 Original, License Office 365 / Food Center",1,2,1,2022-11-29,12,tik-364,,,
tik-365,2,"PC All in one (Intel Core i5, Ram 8GB, SSD512gb, 24"", Win10 Original, License Office 365 / Food Center",9,1,1,3,4,"PC All in one (Intel Core i5, Ram 8GB, SSD512gb, 24"", Win10 Original, License Office 365 / Food Center",1,2,1,2022-11-29,12,tik-365,,,
tik-366,2,"P.C unit untuk Workstatation Automation Type Dell T-40 CPU Computer for Server Software and Monitor with Processor Pentium Xeon, HDD 1TB, VGA 1GB, RAM memory 8GB, Monitor 18,5"",Windows 10 Pro-64 Bit / Hotel Praktek",4,1,1,3,2,"P.C unit untuk Workstatation Automation Type Dell T-40 CPU Computer for Server Software and Monitor with Processor Pentium Xeon, HDD 1TB, VGA 1GB, RAM memory 8GB, Monitor 18,5"",Windows 10 Pro-64 Bit / Hotel Praktek",1,2,1,2022-12-31,12,tik-366,,,
tik-367,2,"P.C Unit untuk Operator Workstation Type Lenovo M70T, CPU Computer for Automation Software and Monitor with Processor Pentium Core-i7, HDD 1TB,VGA 1GB, RAM memory 8GB, Monitor 18,5"" OS Windows 10 Pro-64 Bit / Hotel Praktek",4,1,1,3,5,"P.C Unit untuk Operator Workstation Type Lenovo M70T, CPU Computer for Automation Software and Monitor with Processor Pentium Core-i7, HDD 1TB,VGA 1GB, RAM memory 8GB, Monitor 18,5"" OS Windows 10 Pro-64 Bit / Hotel Praktek",1,2,1,2022-12-31,12,tik-367,,,
tik-368,2,"P.C Unit untuk Operator Workstation Type Lenovo M70T, CPU Computer for Automation Software and Monitor with Processor Pentium Core-i7, HDD 1TB,VGA 1GB, RAM memory 8GB, Monitor 18,5"" OS Windows 10 Pro-64 Bit / Hotel Praktek",4,1,1,3,5,"P.C Unit untuk Operator Workstation Type Lenovo M70T, CPU Computer for Automation Software and Monitor with Processor Pentium Core-i7, HDD 1TB,VGA 1GB, RAM memory 8GB, Monitor 18,5"" OS Windows 10 Pro-64 Bit / Hotel Praktek",1,2,1,2022-12-31,12,tik-368,,,
tik-369,2,P.C Unit Merk MyPC One Pro K7 (16N9 ),9,1,1,3,29,P.C Unit Merk MyPC One Pro K7 (16N9 ),1,2,1,2023-02-13,12,tik-369,,,
tik-370,2,P.C Unit Merk MyPC One Pro K7 (16N9 ),9,1,1,3,29,P.C Unit Merk MyPC One Pro K7 (16N9 ),1,2,1,2023-02-13,12,tik-370,,,
tik-371,2,P.C Unit Merk MyPC One Pro K7 (16N9 ),9,1,1,3,29,P.C Unit Merk MyPC One Pro K7 (16N9 ),1,2,1,2023-02-13,12,tik-371,,,
tik-372,2,Lenovo Yoga Book Windows-Intel Atom x5-Z8550,25,1,1,3,5,Lenovo Yoga Book Windows-Intel Atom x5-Z8550,1,2,1,2017-10-26,12,tik-372,,,
tik-373,2,GALAXY TAB A 10.1 INCH 2019 (SM-T1515),25,1,1,3,10,GALAXY TAB A 10.1 INCH 2019 (SM-T1515),1,2,1,2019-11-21,12,tik-373,,,
tik-374,2,GALAXY TAB A 10.1 INCH 2019 (SM-T1515),25,1,1,3,10,GALAXY TAB A 10.1 INCH 2019 (SM-T1515),1,2,1,2019-11-21,12,tik-374,,,
tik-375,2,SAMSUNG GALAXY TAB S6 LITE RAM 4GB/ 128 GB / DIREKTUR,25,1,1,3,10,SAMSUNG GALAXY TAB S6 LITE RAM 4GB/ 128 GB / DIREKTUR,1,2,1,2023-12-01,12,tik-375,,,
tik-376,2,"P.C UNIT AXIOO MYPC ONE PRO K7 (8N5) I7-1165G7, 8GB, 512 GB SSD, WIN 10, 21.5""",9,1,1,3,29,"P.C UNIT AXIOO MYPC ONE PRO K7 (8N5) I7-1165G7, 8GB, 512 GB SSD, WIN 10, 21.5""",1,2,1,2023-12-01,12,tik-376,,,
tik-377,2,SAMSUNG GALAXY TAB A9 WIFI 4/64GB,25,1,1,3,10,SAMSUNG GALAXY TAB A9 WIFI 4/64GB,1,2,1,2024-12-05,12,tik-377,,,
tik-378,2,SAMSUNG GALAXY TAB A9 WIFI 4/64GB,25,1,1,3,10,SAMSUNG GALAXY TAB A9 WIFI 4/64GB,1,2,1,2024-12-05,12,tik-378,,,
tik-379,2,Multinedia Speaker Logitec z 333,28,1,1,3,32,Multinedia Speaker Logitec z 333,1,2,1,2016-12-22,12,tik-379,,,
tik-380,2,HP M201 Laserjet Pro (A4 Mono) (CF455A),5,1,1,3,4,HP M201 Laserjet Pro (A4 Mono) (CF455A),1,2,1,2016-12-22,12,tik-380,,,
tik-381,2,HP M201 Laserjet Pro (A4 Mono) (CF455A),5,1,1,3,4,HP M201 Laserjet Pro (A4 Mono) (CF455A),1,2,1,2016-12-22,12,tik-381,,,
tik-382,2,Canon Laserjet LBP6030W,5,1,1,3,11,Canon Laserjet LBP6030W,1,2,1,2017-11-24,12,tik-382,,,
tik-383,2,Printer Thermal Epson TMT82 Food Truck,5,1,1,3,9,Printer Thermal Epson TMT82 Food Truck,1,2,1,2017-12-21,12,tik-383,,,
tik-384,2,Printer Thermal Epson TMT82 Food Truck,5,1,1,3,9,Printer Thermal Epson TMT82 Food Truck,1,2,1,2017-12-21,12,tik-384,,,
tik-385,2,Printer Thermal Epson TMT82 Food Truck,5,1,1,3,9,Printer Thermal Epson TMT82 Food Truck,1,2,1,2017-12-21,12,tik-385,,,
tik-386,2,Printer Thermal Epson TMT82 Food Truck,5,1,1,3,9,Printer Thermal Epson TMT82 Food Truck,1,2,1,2017-12-21,12,tik-386,,,
tik-387,2,Brother Printer Inkjet Multifunction MFC-T4500DW,5,1,1,3,33,Brother Printer Inkjet Multifunction MFC-T4500DW,1,2,1,2018-12-12,12,tik-387,,,
tik-388,2,Brother Printer Inkjet Multifunction MFC-T4500DW,5,1,1,3,33,Brother Printer Inkjet Multifunction MFC-T4500DW,1,2,1,2018-12-12,12,tik-388,,,
tik-389,2,Brother Printer Inkjet Multifunction MFC-T4500DW,5,1,1,3,33,Brother Printer Inkjet Multifunction MFC-T4500DW,1,2,1,2018-12-12,12,tik-389,,,
tik-390,2,Brother Printer Inkjet Multifunction MFC-T4500DW,5,1,1,3,33,Brother Printer Inkjet Multifunction MFC-T4500DW,1,2,1,2018-12-12,12,tik-390,,,
tik-391,2,HP Laser Jet Pro M426fdw (F615A),5,1,1,3,4,HP Laser Jet Pro M426fdw (F615A),1,2,1,2018-12-05,12,tik-391,,,
tik-392,2,HP Laser Jet Pro M426fdw (F615A),5,1,1,3,4,HP Laser Jet Pro M426fdw (F615A),1,2,1,2018-12-05,12,tik-392,,,
tik-393,2,HP Laser Jet Pro M426fdw (F615A),5,1,1,3,4,HP Laser Jet Pro M426fdw (F615A),1,2,1,2018-12-05,12,tik-393,,,
tik-394,2,HP Laser Jet Pro M426fdw (F615A),5,1,1,3,4,HP Laser Jet Pro M426fdw (F615A),1,2,1,2018-12-05,12,tik-394,,,
tik-395,2,Prnter Barcode Dekstop TSC TTP-247/ Staf BMN,5,1,1,3,34,Prnter Barcode Dekstop TSC TTP-247/ Staf BMN,1,2,1,2019-03-26,12,tik-395,,,
tik-396,2,Printer Type HP Officejet Pro AiO 8730,5,1,1,3,4,Printer Type HP Officejet Pro AiO 8730,1,2,1,2019-03-26,12,tik-396,,,
tik-397,2,Printer Type HP Officejet Pro AiO 8730,5,1,1,3,4,Printer Type HP Officejet Pro AiO 8730,1,2,1,2019-03-26,12,tik-397,,,
tik-398,2,Printer Type HP Officejet Pro AiO 8730,5,1,1,3,4,Printer Type HP Officejet Pro AiO 8730,1,2,1,2019-03-26,12,tik-398,,,
tik-399,2,Printer Type HP Officejet Pro AiO 8730,5,1,1,3,4,Printer Type HP Officejet Pro AiO 8730,1,2,1,2019-03-26,12,tik-399,,,
tik-400,2,Printer Portable Type Epson Work Force WF100 Inkje,5,1,1,3,9,Printer Portable Type Epson Work Force WF100 Inkje,1,2,1,2019-04-29,12,tik-400,,,
tik-401,2,Printer Portable Type Epson Work Force WF100 Inkje,5,1,1,3,9,Printer Portable Type Epson Work Force WF100 Inkje,1,2,1,2019-04-29,12,tik-401,,,
tik-402,2,PRINTER MULTI FUNGSI / HIBAH DISPAR,5,1,1,3,4,PRINTER MULTI FUNGSI / HIBAH DISPAR,1,2,1,2019-10-31,12,tik-402,,,
tik-403,2,PRINTER MULTI FUNGSI / HIBAH DISPAR,5,1,1,3,4,PRINTER MULTI FUNGSI / HIBAH DISPAR,1,2,1,2019-10-31,12,tik-403,,,
tik-404,2,PRINTER LASERJET PRO M402n (C5F93A),5,1,1,3,4,PRINTER LASERJET PRO M402n (C5F93A),1,2,1,2019-11-21,12,tik-404,,,
tik-405,2,PRINTER BROTHER HL-T4000DW,5,1,1,3,33,PRINTER BROTHER HL-T4000DW,1,2,1,2020-12-17,12,tik-405,,,
tik-406,2,PRINTER BROTHER HL-T4000DW,5,1,1,3,33,PRINTER BROTHER HL-T4000DW,1,2,1,2020-12-17,12,tik-406,,,
tik-407,2,PRINTER BROTHER HL-T4000DW,5,1,1,3,33,PRINTER BROTHER HL-T4000DW,1,2,1,2020-12-17,12,tik-407,,,
tik-408,2,PRINTER BROTHER HL-T4000DW,5,1,1,3,33,PRINTER BROTHER HL-T4000DW,1,2,1,2020-12-17,12,tik-408,,,
tik-409,2,Printer Merk HP Laserjet Pro MFP M428fdw,5,1,1,3,4,Printer Merk HP Laserjet Pro MFP M428fdw,1,2,1,2021-12-24,12,tik-409,,,
tik-410,2,Printer Merk HP Laserjet Pro MFP M428fdw,5,1,1,3,4,Printer Merk HP Laserjet Pro MFP M428fdw,1,2,1,2021-12-24,12,tik-410,,,
tik-411,2,Printer Brother Label PT-E850TKW / BMN,5,1,1,3,33,Printer Brother Label PT-E850TKW / BMN,1,2,1,2021-12-24,12,tik-411,,,
tik-412,2,PRINTER EPSON ECOTANK L14150 A3 WI-FI DUPLEX ALL IN ONE INK TANK PRINTER,5,1,1,3,9,PRINTER EPSON ECOTANK L14150 A3 WI-FI DUPLEX ALL IN ONE INK TANK PRINTER,1,2,1,2022-11-22,12,tik-412,,,
tik-413,2,Printer HP OfficeJet Pro 8020,5,1,1,3,4,Printer HP OfficeJet Pro 8020,1,2,1,2022-12-22,12,tik-413,,,
tik-414,2,Printer HP OfficeJet Pro 8020,5,1,1,3,4,Printer HP OfficeJet Pro 8020,1,2,1,2022-12-22,12,tik-414,,,
tik-415,2,Printer Epson EcoTank L3251 A4 Wi-Fi All-in-One Ink Tank Printer,5,1,1,3,9,Printer Epson EcoTank L3251 A4 Wi-Fi All-in-One Ink Tank Printer,1,2,1,2022-12-22,12,tik-415,,,
tik-416,2,Printer Epson EcoTank L3251 A4 Wi-Fi All-in-One Ink Tank Printer,5,1,1,3,9,Printer Epson EcoTank L3251 A4 Wi-Fi All-in-One Ink Tank Printer,1,2,1,2022-12-22,12,tik-416,,,
tik-417,2,Printer Epson EcoTank L3251 A4 Wi-Fi All-in-One Ink Tank Printer,5,1,1,3,9,Printer Epson EcoTank L3251 A4 Wi-Fi All-in-One Ink Tank Printer,1,2,1,2022-12-22,12,tik-417,,,
tik-418,2,Printer LaserJet Pro MFP M428fdw,5,1,1,3,4,Printer LaserJet Pro MFP M428fdw,1,2,1,2022-12-22,12,tik-418,,,
tik-419,2,"UPS ,Type Back-UPS 1200VA, 230V,AVR,Universal Sockets",26,1,1,3,35,"UPS ,Type Back-UPS 1200VA, 230V,AVR,Universal Sockets",1,2,1,2022-12-22,12,tik-419,,,
tik-420,2,"Printer untuk Operator Printer Type HP 2770 Series, Deskjet Printer / Hotel DBSH",5,1,1,3,4,"Printer untuk Operator Printer Type HP 2770 Series, Deskjet Printer / Hotel DBSH",1,2,1,2022-12-31,12,tik-420,,,
tik-421,2,EcoTank L3211 A4 All-in-One Ink Tank Printer,5,1,1,3,9,EcoTank L3211 A4 All-in-One Ink Tank Printer,1,2,1,2023-02-13,12,tik-421,,,
tik-422,2,PRINTER EPSON L-310/ HIBAH STED,5,1,1,3,9,PRINTER EPSON L-310/ HIBAH STED,1,2,1,2023-12-29,12,tik-422,,,
tik-423,2,PRINTER HP OFFICEJET 7730 WIDE FORMAT / HIBAH STED,5,1,1,3,4,PRINTER HP OFFICEJET 7730 WIDE FORMAT / HIBAH STED,1,2,1,2023-12-29,12,tik-423,,,
tik-424,2,ADVAN HARVARD 01 POS MACHINE ANDROID,25,1,1,3,31,ADVAN HARVARD 01 POS MACHINE ANDROID,1,2,1,2024-12-05,12,tik-424,,,
tik-425,2,ADVAN HARVARD 01 POS MACHINE ANDROID,25,1,1,3,31,ADVAN HARVARD 01 POS MACHINE ANDROID,1,2,1,2024-12-05,12,tik-425,,,
tik-426,2,Barcode Scanner Scanlogic CS-1000 Soft Cek in Coun,27,1,1,3,36,Barcode Scanner Scanlogic CS-1000 Soft Cek in Coun,1,2,1,2017-12-21,12,tik-426,,,
tik-427,2,Barcode Scanner Scanlogic CS-1000 Soft Cek in Coun,27,1,1,3,36,Barcode Scanner Scanlogic CS-1000 Soft Cek in Coun,1,2,1,2017-12-21,12,tik-427,,,
tik-428,2,Barcode Scanner Scanlogic CS-1000 Soft Cek in Coun,27,1,1,3,36,Barcode Scanner Scanlogic CS-1000 Soft Cek in Coun,1,2,1,2017-12-21,12,tik-428,,,
tik-429,2,Barcode Scanner Scanlogic CS-1000 Soft Cek in Coun,27,1,1,3,36,Barcode Scanner Scanlogic CS-1000 Soft Cek in Coun,1,2,1,2017-12-21,12,tik-429,,,
tik-430,2,"Brother Scanner ADS-2400N, Warna Hitam",27,1,1,3,33,"Brother Scanner ADS-2400N, Warna Hitam",1,2,1,2019-07-02,12,tik-430,,,
tik-431,2,BARCODE SCAN LOGIS CS-1000,27,1,1,3,33,BARCODE SCAN LOGIS CS-1000,1,2,1,2020-12-17,12,tik-431,,,
tik-432,2,SCANNER MERK BROTHER ADS3000,27,1,1,3,33,SCANNER MERK BROTHER ADS3000,1,2,1,2020-12-17,12,tik-432,,,
tik-433,2,Scanner Merk Brother ADS 3000N/ ADAK,27,1,1,3,33,Scanner Merk Brother ADS 3000N/ ADAK,1,2,1,2021-12-24,12,tik-433,,,
tik-434,2,KEYBOARD & MOUSE WIRELESS MK545 LOGITECH / HIBAH STED,28,1,1,3,32,KEYBOARD & MOUSE WIRELESS MK545 LOGITECH / HIBAH STED,1,2,1,2023-12-29,12,tik-434,,,
tik-435,2,HARD DISK EXTERNAL MERK SEAGATE EXPANSION 4 TB,28,1,1,3,37,HARD DISK EXTERNAL MERK SEAGATE EXPANSION 4 TB,1,2,1,2020-12-17,12,tik-435,,,
tik-436,2,HARD DISK EXTERNAL MERK SEAGATE EXPANSION 4 TB,28,1,1,3,37,HARD DISK EXTERNAL MERK SEAGATE EXPANSION 4 TB,1,2,1,2020-12-17,12,tik-436,,,
tik-437,2,HARDISK EXTERNAL MERK SEAGATE ONE TOUCH 2TB,28,1,1,3,37,HARDISK EXTERNAL MERK SEAGATE ONE TOUCH 2TB,1,2,1,2023-12-08,12,tik-437,,,
tik-438,2,HARDISK EXTERNAL MERK TOSHIBA 2TB,28,1,1,3,16,HARDISK EXTERNAL MERK TOSHIBA 2TB,1,2,1,2023-12-18,12,tik-438,,,
tik-439,2,SERVER LAB KOMPUTER / DISPAR,4,1,1,3,5,SERVER LAB KOMPUTER / DISPAR,1,2,1,2019-10-31,12,tik-439,,,
tik-440,2,SERVER THINKSYSTEM SR550 2XINTEL XEON SILVER 4208,4,1,1,3,5,SERVER THINKSYSTEM SR550 2XINTEL XEON SILVER 4208,1,2,1,2020-12-17,12,tik-440,,,
tik-441,2,SERVER THINKSYSTEM SR550 2X INTEL XEON SILVER 4208,4,1,1,3,5,SERVER THINKSYSTEM SR550 2X INTEL XEON SILVER 4208,1,2,1,2020-12-17,12,tik-441,,,
tik-442,2,Server HPE DL380 Gen10 (2xIntel Xeon Silver 4116),4,1,1,3,4,Server HPE DL380 Gen10 (2xIntel Xeon Silver 4116),1,2,1,2018-12-21,12,tik-442,,,
tik-443,2,Server Penyimpanan CCTV/ Redundant Automation Storage,4,1,1,3,38,Server Penyimpanan CCTV/ Redundant Automation Storage,1,2,1,2023-12-27,12,tik-443,,,
tik-444,2,SERVER MIRROR/ LENOVO THINKSERVER RD350,4,1,1,3,5,SERVER MIRROR/ LENOVO THINKSERVER RD350,1,2,1,2023-12-27,12,tik-444,,,
tik-445,2,SERVER MIRROR / MERK HPE TYPE PROLIANT DL380 GEN10,4,1,1,3,4,SERVER MIRROR / MERK HPE TYPE PROLIANT DL380 GEN10,1,2,1,2023-12-27,12,tik-445,,,
tik-446,2,MODEM ORBIT STAR 2 / HIBAH STED,29,1,1,3,31,MODEM ORBIT STAR 2 / HIBAH STED,1,2,1,2023-12-29,12,tik-446,,,
tik-447,2,Linksys 18-Port Business Gigabit Samart Switch,7,1,1,3,39,Linksys 18-Port Business Gigabit Samart Switch,1,2,1,2016-12-22,12,tik-447,,,
tik-448,2,Linksys 18-Port Business Gigabit Samart Switch,7,1,1,3,39,Linksys 18-Port Business Gigabit Samart Switch,1,2,1,2016-12-22,12,tik-448,,,
tik-449,2,Switch 24 Port POE/ Lab. Komputer Zona B,7,1,1,3,40,Switch 24 Port POE/ Lab. Komputer Zona B,1,2,1,2021-12-24,12,tik-449,,,
tik-450,2,Switch 16 Port POE/ Lab. Komputer Zona B,7,1,1,3,40,Switch 16 Port POE/ Lab. Komputer Zona B,1,2,1,2021-12-24,12,tik-450,,,
tik-451,2,Switch 16 Port POE/ Lab. Komputer Zona B,7,1,1,3,40,Switch 16 Port POE/ Lab. Komputer Zona B,1,2,1,2021-12-24,12,tik-451,,,
tik-452,2,Switch 16 Port POE/ Lab. Komputer Zona B,7,1,1,3,40,Switch 16 Port POE/ Lab. Komputer Zona B,1,2,1,2021-12-24,12,tik-452,,,
tik-453,2,Switch 16 Port POE/ Lab. Komputer Zona B,7,1,1,3,40,Switch 16 Port POE/ Lab. Komputer Zona B,1,2,1,2021-12-24,12,tik-453,,,
tik-454,2,Switch 16 Port POE/ Lab. Komputer Zona B,7,1,1,3,40,Switch 16 Port POE/ Lab. Komputer Zona B,1,2,1,2021-12-24,12,tik-454,,,
tik-455,2,Switch 16 Port POE/ Lab. Komputer Zona B,7,1,1,3,40,Switch 16 Port POE/ Lab. Komputer Zona B,1,2,1,2021-12-24,12,tik-455,,,
tik-456,2,Switch 16 Port POE/ Lab. Komputer Zona B,7,1,1,3,40,Switch 16 Port POE/ Lab. Komputer Zona B,1,2,1,2021-12-24,12,tik-456,,,
tik-457,2,"CCTV - NVR 32 Channel Poe, Lab. Komputer",13,1,1,3,41,"CCTV - NVR 32 Channel Poe, Lab. Komputer",1,2,1,2021-12-24,12,tik-457,,,
tik-458,2,"CCTV - NVR 32 Channel Poe, Lab. Komputer",13,1,1,3,41,"CCTV - NVR 32 Channel Poe, Lab. Komputer",1,2,1,2021-12-24,12,tik-458,,,
tik-459,2,"CCTV - NVR 32 Channel Poe, Lab. Komputer",13,1,1,3,41,"CCTV - NVR 32 Channel Poe, Lab. Komputer",1,2,1,2021-12-24,12,tik-459,,,
tik-460,2,"CCTV - NVR 32 Channel Poe, Lab. Komputer",13,1,1,3,41,"CCTV - NVR 32 Channel Poe, Lab. Komputer",1,2,1,2021-12-24,12,tik-460,,,
tik-461,2,Camera CCTV Indoor,14,1,1,3,1,Camera CCTV Indoor,1,2,1,2017-12-15,12,tik-461,,,
tik-462,2,Camera CCTV Indoor,14,1,1,3,1,Camera CCTV Indoor,1,2,1,2017-12-15,12,tik-462,,,
tik-463,2,Camera CCTV Indoor,14,1,1,3,1,Camera CCTV Indoor,1,2,1,2017-12-15,12,tik-463,,,
tik-464,2,Camera CCTV Indoor,14,1,1,3,1,Camera CCTV Indoor,1,2,1,2017-12-15,12,tik-464,,,
tik-465,2,Camera CCTV Indoor,14,1,1,3,1,Camera CCTV Indoor,1,2,1,2017-12-15,12,tik-465,,,
tik-466,2,Camera CCTV Indoor,14,1,1,3,1,Camera CCTV Indoor,1,2,1,2017-12-15,12,tik-466,,,
tik-467,2,Camera CCTV Indoor,14,1,1,3,1,Camera CCTV Indoor,1,2,1,2017-12-15,12,tik-467,,,
tik-468,2,Camera CCTV Indoor,14,1,1,3,1,Camera CCTV Indoor,1,2,1,2017-12-15,12,tik-468,,,
tik-469,2,Camera CCTV Indoor,14,1,1,3,1,Camera CCTV Indoor,1,2,1,2017-12-15,12,tik-469,,,
tik-470,2,Camera CCTV Indoor,14,1,1,3,1,Camera CCTV Indoor,1,2,1,2017-12-15,12,tik-470,,,
tik-471,2,Camera CCTV Indoor,14,1,1,3,1,Camera CCTV Indoor,1,2,1,2017-12-15,12,tik-471,,,
tik-472,2,Camera CCTV Indoor,14,1,1,3,1,Camera CCTV Indoor,1,2,1,2017-12-15,12,tik-472,,,
tik-473,2,Camera CCTV Indoor,14,1,1,3,1,Camera CCTV Indoor,1,2,1,2017-12-15,12,tik-473,,,
tik-474,2,Camera CCTV Indoor,14,1,1,3,1,Camera CCTV Indoor,1,2,1,2017-12-15,12,tik-474,,,
tik-475,2,Camera CCTV Indoor,14,1,1,3,1,Camera CCTV Indoor,1,2,1,2017-12-15,12,tik-475,,,
tik-476,2,Camera CCTV Indoor,14,1,1,3,1,Camera CCTV Indoor,1,2,1,2017-12-15,12,tik-476,,,
tik-477,2,Camera CCTV Indoor,14,1,1,3,1,Camera CCTV Indoor,1,2,1,2017-12-15,12,tik-477,,,
tik-478,2,Camera CCTV Indoor,14,1,1,3,1,Camera CCTV Indoor,1,2,1,2017-12-15,12,tik-478,,,
tik-479,2,"1 Set CCTV Smart Class Room (1 NVR, 1 Mixer Amplifier, 1 Pasang Speaker, 4 Camera)",13,1,1,3,1,"1 Set CCTV Smart Class Room (1 NVR, 1 Mixer Amplifier, 1 Pasang Speaker, 4 Camera) ",1,2,1,2023-07-31,12,tik-479,,,
tik-480,2,"1 Set CCTV Smart Class Room (1 NVR, 1 Mixer Amplifier, 1 Pasang Speaker, 4 Camera)",13,1,1,3,1,"1 Set CCTV Smart Class Room (1 NVR, 1 Mixer Amplifier, 1 Pasang Speaker, 4 Camera) ",1,2,1,2023-07-31,12,tik-480,,,
tik-481,2,"1 Set CCTV Smart Class Room (1 NVR, 1 Mixer Amplifier, 1 Pasang Speaker, 4 Camera)",13,1,1,3,1,"1 Set CCTV Smart Class Room (1 NVR, 1 Mixer Amplifier, 1 Pasang Speaker, 4 Camera) ",1,2,1,2023-07-31,12,tik-481,,,
tik-482,2,"1 Set CCTV Smart Class Room (1 NVR, 1 Mixer Amplifier, 1 Pasang Speaker, 4 Camera)",13,1,1,3,1,"1 Set CCTV Smart Class Room (1 NVR, 1 Mixer Amplifier, 1 Pasang Speaker, 4 Camera) ",1,2,1,2023-07-31,12,tik-482,,,
tik-483,2,"1 Set CCTV Smart Class Room (1 NVR, 1 Mixer Amplifier, 1 Pasang Speaker, 4 Camera)",13,1,1,3,1,"1 Set CCTV Smart Class Room (1 NVR, 1 Mixer Amplifier, 1 Pasang Speaker, 4 Camera) ",1,2,1,2023-07-31,12,tik-483,,,
tik-484,2,"1 Set CCTV Smart Class Room (1 NVR, 1 Mixer Amplifier, 1 Pasang Speaker, 4 Camera)",13,1,1,3,1,"1 Set CCTV Smart Class Room (1 NVR, 1 Mixer Amplifier, 1 Pasang Speaker, 4 Camera) ",1,2,1,2023-07-31,12,tik-484,,,
tik-485,2,"1 Set CCTV Smart Class Room (1 NVR, 1 Mixer Amplifier, 1 Pasang Speaker, 4 Camera)",13,1,1,3,1,"1 Set CCTV Smart Class Room (1 NVR, 1 Mixer Amplifier, 1 Pasang Speaker, 4 Camera) ",1,2,1,2023-07-31,12,tik-485,,,
tik-486,2,"1 Set CCTV Smart Class Room (1 NVR, 1 Mixer Amplifier, 1 Pasang Speaker, 4 Camera)",13,1,1,3,1,"1 Set CCTV Smart Class Room (1 NVR, 1 Mixer Amplifier, 1 Pasang Speaker, 4 Camera) ",1,2,1,2023-07-31,12,tik-486,,,
tik-487,2,"1 Set CCTV Smart Class Room (1 NVR, 1 Mixer Amplifier, 1 Pasang Speaker, 4 Camera)",13,1,1,3,1,"1 Set CCTV Smart Class Room (1 NVR, 1 Mixer Amplifier, 1 Pasang Speaker, 4 Camera) ",1,2,1,2023-07-31,12,tik-487,,,
tik-488,2,"1 Set CCTV Smart Class Room (1 NVR, 1 Mixer Amplifier, 1 Pasang Speaker, 4 Camera)",13,1,1,3,1,"1 Set CCTV Smart Class Room (1 NVR, 1 Mixer Amplifier, 1 Pasang Speaker, 4 Camera) ",1,2,1,2023-07-31,12,tik-488,,,
tik-489,2,"1 Set CCTV Smart Class Room (1 NVR, 1 Mixer Amplifier, 1 Pasang Speaker, 4 Camera)",13,1,1,3,1,"1 Set CCTV Smart Class Room (1 NVR, 1 Mixer Amplifier, 1 Pasang Speaker, 4 Camera) ",1,2,1,2023-07-31,12,tik-489,,,
tik-490,2,"1 Set CCTV Smart Class Room (1 NVR, 1 Mixer Amplifier, 1 Pasang Speaker, 4 Camera)",13,1,1,3,1,"1 Set CCTV Smart Class Room (1 NVR, 1 Mixer Amplifier, 1 Pasang Speaker, 4 Camera) ",1,2,1,2023-07-31,12,tik-490,,,
tik-491,2,"1 Set Smart Class Control Room (1 NVR, 1 Mixer Amplifier, 1 Pasang Speaker)",13,1,1,3,1,"1 Set CCTV Smart Class Room (1 NVR, 1 Mixer Amplifier, 1 Pasang Speaker, 4 Camera) ",1,2,1,2023-07-31,12,tik-491,,,
tik-492,2,Bullet Camera / DBSH,14,1,1,3,1,Bullet Camera / DBSH,1,2,1,2023-12-27,12,tik-492,,,
tik-493,2,Bullet Camera / DBSH,14,1,1,3,1,Bullet Camera / DBSH,1,2,1,2023-12-27,12,tik-493,,,
tik-494,2,Bullet Camera / DBSH,14,1,1,3,1,Bullet Camera / DBSH,1,2,1,2023-12-27,12,tik-494,,,
tik-495,2,Bullet Camera / DBSH,14,1,1,3,1,Bullet Camera / DBSH,1,2,1,2023-12-27,12,tik-495,,,
tik-496,2,Bullet Camera / DBSH,14,1,1,3,1,Bullet Camera / DBSH,1,2,1,2023-12-27,12,tik-496,,,
tik-497,2,Bullet Camera / DBSH,14,1,1,3,1,Bullet Camera / DBSH,1,2,1,2023-12-27,12,tik-497,,,
tik-498,2,Bullet Camera / DBSH,14,1,1,3,1,Bullet Camera / DBSH,1,2,1,2023-12-27,12,tik-498,,,
tik-499,2,Bullet Camera / DBSH,14,1,1,3,1,Bullet Camera / DBSH,1,2,1,2023-12-27,12,tik-499,,,
tik-500,2,Bullet Camera / DBSH,14,1,1,3,1,Bullet Camera / DBSH,1,2,1,2023-12-27,12,tik-500,,,
tik-501,2,Bullet Camera / DBSH,14,1,1,3,1,Bullet Camera / DBSH,1,2,1,2023-12-27,12,tik-501,,,
tik-502,2,Bullet Camera / DBSH,14,1,1,3,1,Bullet Camera / DBSH,1,2,1,2023-12-27,12,tik-502,,,
tik-503,2,Bullet Camera / DBSH,14,1,1,3,1,Bullet Camera / DBSH,1,2,1,2023-12-27,12,tik-503,,,
tik-504,2,Bullet Camera / DBSH,14,1,1,3,1,Bullet Camera / DBSH,1,2,1,2023-12-27,12,tik-504,,,
tik-505,2,Bullet Camera / DBSH,14,1,1,3,1,Bullet Camera / DBSH,1,2,1,2023-12-27,12,tik-505,,,
tik-506,2,Bullet Camera / DBSH,14,1,1,3,1,Bullet Camera / DBSH,1,2,1,2023-12-27,12,tik-506,,,
tik-507,2,Bullet Camera / DBSH,14,1,1,3,1,Bullet Camera / DBSH,1,2,1,2023-12-27,12,tik-507,,,
tik-508,2,Fish Eye Camera / DBSH,14,1,1,3,1,Fish Eye Camera / DBSH,1,2,1,2023-12-27,12,tik-508,,,
tik-509,2,Fish Eye Camera / DBSH,14,1,1,3,1,Fish Eye Camera / DBSH,1,2,1,2023-12-27,12,tik-509,,,
tik-510,2,Fish Eye Camera / DBSH,14,1,1,3,1,Fish Eye Camera / DBSH,1,2,1,2023-12-27,12,tik-510,,,
tik-511,2,Fish Eye Camera / DBSH,14,1,1,3,1,Fish Eye Camera / DBSH,1,2,1,2023-12-27,12,tik-511,,,
tik-512,2,Fish Eye Camera / DBSH,14,1,1,3,1,Fish Eye Camera / DBSH,1,2,1,2023-12-27,12,tik-512,,,
tik-513,2,Fish Eye Camera / DBSH,14,1,1,3,1,Fish Eye Camera / DBSH,1,2,1,2023-12-27,12,tik-513,,,
tik-514,2,Fish Eye Camera / DBSH,14,1,1,3,1,Fish Eye Camera / DBSH,1,2,1,2023-12-27,12,tik-514,,,
tik-515,2,Fish Eye Camera / DBSH,14,1,1,3,1,Fish Eye Camera / DBSH,1,2,1,2023-12-27,12,tik-515,,,
tik-516,2,Fish Eye Camera / DBSH,14,1,1,3,1,Fish Eye Camera / DBSH,1,2,1,2023-12-27,12,tik-516,,,
tik-517,2,Fish Eye Camera / DBSH,14,1,1,3,1,Fish Eye Camera / DBSH,1,2,1,2023-12-27,12,tik-517,,,
tik-518,2,Speedome Camera / DBSH,14,1,1,3,1,Speedome Camera / DBSH,1,2,1,2023-12-27,12,tik-518,,,
tik-519,2,NEC Projector(VE303XG),12,1,1,3,1,NEC Projector(VE303XG),1,2,1,2016-12-22,12,tik-519,,,
tik-520,2,LCD Projektor,12,1,1,3,1,LCD Projektor,1,2,1,2016-12-22,12,tik-520,,,
tik-521,2,LCD Projektor,12,1,1,3,1,LCD Projektor,1,2,1,2016-12-22,12,tik-521,,,
tik-522,2,LCD Projektor,12,1,1,3,1,LCD Projektor,1,2,1,2016-12-22,12,tik-522,,,
tik-523,2,LCD Projektor,12,1,1,3,1,LCD Projektor,1,2,1,2016-12-22,12,tik-523,,,
tik-524,2,LCD Projektor,12,1,1,3,1,LCD Projektor,1,2,1,2016-12-22,12,tik-524,,,
tik-525,2,LCD Projektor,12,1,1,3,1,LCD Projektor,1,2,1,2016-12-22,12,tik-525,,,
tik-526,2,LCD Projektor,12,1,1,3,1,LCD Projektor,1,2,1,2016-12-22,12,tik-526,,,
tik-527,2,Proyektor / Hibah Dispar,12,1,1,3,1,Proyektor / Hibah Dispar,1,2,1,2019-10-31,12,tik-527,,,
tik-528,2,Proyektor / Hibah Dispar,12,1,1,3,1,Proyektor / Hibah Dispar,1,2,1,2019-10-31,12,tik-528,,,
tik-529,2,"PROJECTOR, DLP TEKNOLOGI (REKTORAT)",12,1,1,3,1,"PROJECTOR, DLP TEKNOLOGI (REKTORAT)",1,2,1,2019-12-31,12,tik-529,,,
tik-530,2,"Projector Ultra Short Throw,MERK EPSON TYPE EB-680",12,1,1,3,1,"Projector Ultra Short Throw,MERK EPSON TYPE EB-680",1,2,1,2021-12-31,12,tik-530,,,
tik-531,2,"Projector Ultra Short Throw,MERK EPSON TYPE EB-680",12,1,1,3,1,"Projector Ultra Short Throw,MERK EPSON TYPE EB-680",1,2,1,2021-12-31,12,tik-531,,,
tik-532,2,"Projector Ultra Short Throw,MERK EPSON TYPE EB-680",12,1,1,3,1,"Projector Ultra Short Throw,MERK EPSON TYPE EB-680",1,2,1,2021-12-31,12,tik-532,,,
tik-533,2,PROJECTOR MERK DELL/ HIBAH STED,12,1,1,3,1,PROJECTOR MERK DELL/ HIBAH STED,1,2,1,2023-12-29,12,tik-533,,,
tik-534,2,PROJECTOR MERK DELL/ HIBAH STED,12,1,1,3,1,PROJECTOR MERK DELL/ HIBAH STED,1,2,1,2023-12-29,12,tik-534,,,
tik-535,2,Layar Projektor,1,1,1,3,1,Layar Projektor,1,2,1,2016-12-22,12,tik-535,,,
tik-536,2,Layar Projektor,1,1,1,3,1,Layar Projektor,1,2,1,2016-12-22,12,tik-536,,,
tik-537,2,Layar Projektor,1,1,1,3,1,Layar Projektor,1,2,1,2016-12-22,12,tik-537,,,
tik-538,2,Layar Projektor,1,1,1,3,1,Layar Projektor,1,2,1,2016-12-22,12,tik-538,,,
tik-539,2,Layar Projektor,1,1,1,3,1,Layar Projektor,1,2,1,2016-12-22,12,tik-539,,,
tik-540,2,Layar Projektor,1,1,1,3,1,Layar Projektor,1,2,1,2016-12-22,12,tik-540,,,
tik-541,2,Layar Projektor,1,1,1,3,1,Layar Projektor,1,2,1,2016-12-22,12,tik-541,,,
tik-542,2,Screenview Layar LCD (MWSMV2424L),1,1,1,3,1,Screenview Layar LCD (MWSMV2424L),1,2,1,2016-12-22,12,tik-542,,,
tik-543,2,"Tripod Screen 70"" Uk.1768x178 Merk Focus",1,1,1,3,1,"Tripod Screen 70"" Uk.1768x178 Merk Focus",1,2,1,2017-12-20,12,tik-543,,,
tik-544,2,"Tripod Screen 70"" Uk.1768x178 Merk Focus",1,1,1,3,1,"Tripod Screen 70"" Uk.1768x178 Merk Focus",1,2,1,2017-12-20,12,tik-544,,,
tik-545,2,"Tripod Screen 70"" Uk.1768x178 Merk Focus",1,1,1,3,1,"Tripod Screen 70"" Uk.1768x178 Merk Focus",1,2,1,2017-12-20,12,tik-545,,,
tik-546,2,"Tripod Screen 70"" Uk.1768x178 Merk Focus",1,1,1,3,1,"Tripod Screen 70"" Uk.1768x178 Merk Focus",1,2,1,2017-12-20,12,tik-546,,,
tik-547,2,"Tripod Screen 70"" Uk.1768x178 Merk Focus",1,1,1,3,1,"Tripod Screen 70"" Uk.1768x178 Merk Focus",1,2,1,2017-12-20,12,tik-547,,,
tik-548,2,LAYAR PROYEKTOR / HIBAH DISPAR,1,1,1,3,1,LAYAR PROYEKTOR / HIBAH DISPAR,1,2,1,2019-10-31,12,tik-548,,,
tik-549,2,LAYAR PROYEKTOR / HIBAH DISPAR,1,1,1,3,1,LAYAR PROYEKTOR / HIBAH DISPAR,1,2,1,2019-10-31,12,tik-549,,,
tik-550,2,SCREEN PROJECTOR 244X244 CM,1,1,1,3,1,SCREEN PROJECTOR 244X244 CM,1,2,1,2019-12-31,12,tik-550,,,
tik-551,2,Mesin Finger Print/Alat Sidik Jari,31,1,1,3,1,Mesin Finger Print/Alat Sidik Jari,1,2,1,2016-12-27,12,tik-551,,,
tik-552,2,Finger Print Revo D-152NB,31,1,1,3,1,Finger Print Revo D-152NB,1,2,1,2017-12-31,12,tik-552,,,
tik-553,2,Finger Print Revo D-152NB,31,1,1,3,1,Finger Print Revo D-152NB,1,2,1,2017-12-31,12,tik-553,,,
tik-554,2,Finger Print Revo D-152NB,31,1,1,3,1,Finger Print Revo D-152NB,1,2,1,2017-12-31,12,tik-554,,,
tik-555,2,Finger Print Revo D-152NB,31,1,1,3,1,Finger Print Revo D-152NB,1,2,1,2017-12-31,12,tik-555,,,
tik-556,2,Finger Print Revo D-152NB,31,1,1,3,1,Finger Print Revo D-152NB,1,2,1,2017-12-31,12,tik-556,,,
tik-557,2,Finger Print Revo D-152NB,31,1,1,3,1,Finger Print Revo D-152NB,1,2,1,2017-12-31,12,tik-557,,,
tik-558,2,Finger Print Revo D-152NB,31,1,1,3,1,Finger Print Revo D-152NB,1,2,1,2017-12-31,12,tik-558,,,
tik-559,2,Finger Print Revo D-152NB,31,1,1,3,1,Finger Print Revo D-152NB,1,2,1,2017-12-31,12,tik-559,,,
tik-560,2,Finger Print Revo D-152NB,31,1,1,3,1,Finger Print Revo D-152NB,1,2,1,2017-12-31,12,tik-560,,,
tik-561,2,Finger Print Revo D-152NB,31,1,1,3,1,Finger Print Revo D-152NB,1,2,1,2017-12-31,12,tik-561,,,
tik-562,2,Finger Print Revo D-152NB,31,1,1,3,1,Finger Print Revo D-152NB,1,2,1,2017-12-31,12,tik-562,,,
tik-563,2,Finger Print Revo D-152NB,31,1,1,3,1,Finger Print Revo D-152NB,1,2,1,2017-12-31,12,tik-563,,,
tik-564,2,Finger Print Revo D-152NB,31,1,1,3,1,Finger Print Revo D-152NB,1,2,1,2017-12-31,12,tik-564,,,
tik-565,2,Finger Print Revo D-152NB,31,1,1,3,1,Finger Print Revo D-152NB,1,2,1,2017-12-31,12,tik-565,,,
tik-566,2,Finger Print Revo D-152NB,31,1,1,3,1,Finger Print Revo D-152NB,1,2,1,2017-12-31,12,tik-566,,,
tik-567,2,Finger Print Revo D-152NB,31,1,1,3,1,Finger Print Revo D-152NB,1,2,1,2017-12-31,12,tik-567,,,
tik-568,2,Finger Print Revo D-152NB,31,1,1,3,1,Finger Print Revo D-152NB,1,2,1,2017-12-31,12,tik-568,,,
tik-569,2,Finger Print Revo D-152NB,31,1,1,3,1,Finger Print Revo D-152NB,1,2,1,2017-12-31,12,tik-569,,,
tik-570,2,Finger Print Revo D-152NB,31,1,1,3,1,Finger Print Revo D-152NB,1,2,1,2017-12-31,12,tik-570,,,
tik-571,2,Finger Print Revo D-152NB,31,1,1,3,1,Finger Print Revo D-152NB,1,2,1,2017-12-31,12,tik-571,,,
tik-572,2,Finger Print Revo D 152 NB,31,1,1,3,1,Finger Print Revo D 152 NB,1,2,1,2018-02-21,12,tik-572,,,
tik-573,2,Finger Print Revo D 152 NB,31,1,1,3,1,Finger Print Revo D 152 NB,1,2,1,2018-02-21,12,tik-573,,,
tik-574,2,Finger Print Revo D 152 NB,31,1,1,3,1,Finger Print Revo D 152 NB,1,2,1,2018-02-21,12,tik-574,,,
tik-575,2,Finger Print Revo D 152 NB,31,1,1,3,1,Finger Print Revo D 152 NB,1,2,1,2018-02-21,12,tik-575,,,
tik-576,2,Finger Print Revo D 152 NB,31,1,1,3,1,Finger Print Revo D 152 NB,1,2,1,2018-02-21,12,tik-576,,,
tik-577,2,Finger Print Revo D 152 NB,31,1,1,3,1,Finger Print Revo D 152 NB,1,2,1,2018-02-21,12,tik-577,,,
tik-578,2,Finger Print Revo D 152 NB,31,1,1,3,1,Finger Print Revo D 152 NB,1,2,1,2018-02-21,12,tik-578,,,
tik-579,2,Finger Print Revo D 152 NB,31,1,1,3,1,Finger Print Revo D 152 NB,1,2,1,2018-02-21,12,tik-579,,,
tik-580,2,Finger Print Revo D 152 NB,31,1,1,3,1,Finger Print Revo D 152 NB,1,2,1,2018-02-21,12,tik-580,,,
tik-581,2,Finger Print Revo D 152 NB,31,1,1,3,1,Finger Print Revo D 152 NB,1,2,1,2018-02-21,12,tik-581,,,
tik-582,2,Mesin Finger Print REVO 185-BNC,31,1,1,3,1,Mesin Finger Print REVO 185-BNC,1,2,1,2020-03-13,12,tik-582,,,
tik-583,2,Mesin Finger Print REVO 185-BNC,31,1,1,3,1,Mesin Finger Print REVO 185-BNC,1,2,1,2020-03-13,12,tik-583,,,
tik-584,2,Mesin Finger Print REVO 185-BNC,31,1,1,3,1,Mesin Finger Print REVO 185-BNC,1,2,1,2020-03-13,12,tik-584,,,
tik-585,2,Mesin Finger Print REVO 185-BNC,31,1,1,3,1,Mesin Finger Print REVO 185-BNC,1,2,1,2020-03-13,12,tik-585,,,
tik-586,2,Mesin Finger Print REVO 185-BNC,31,1,1,3,1,Mesin Finger Print REVO 185-BNC,1,2,1,2020-03-13,12,tik-586,,,
tik-587,2,Mesin Finger Print REVO 185-BNC,31,1,1,3,1,Mesin Finger Print REVO 185-BNC,1,2,1,2020-03-13,12,tik-587,,,
tik-588,2,Mesin Finger Print REVO 185-BNC,31,1,1,3,1,Mesin Finger Print REVO 185-BNC,1,2,1,2020-03-13,12,tik-588,,,
tik-589,2,Mesin Finger Print REVO 185-BNC,31,1,1,3,1,Mesin Finger Print REVO 185-BNC,1,2,1,2020-03-13,12,tik-589,,,
tik-590,2,Mesin Finger Print REVO 185-BNC,31,1,1,3,1,Mesin Finger Print REVO 185-BNC,1,2,1,2020-03-13,12,tik-590,,,
tik-591,2,Mesin Finger Print REVO 185-BNC,31,1,1,3,1,Mesin Finger Print REVO 185-BNC,1,2,1,2020-03-13,12,tik-591,,,
tik-592,2,Mesin Finger Print REVO 185-BNC,31,1,1,3,1,Mesin Finger Print REVO 185-BNC,1,2,1,2020-03-13,12,tik-592,,,
tik-593,2,Mesin Finger Print REVO 185-BNC,31,1,1,3,1,Mesin Finger Print REVO 185-BNC,1,2,1,2020-03-13,12,tik-593,,,
tik-594,2,Power Supply Camera CCTV,1,1,1,3,1,Power Supply Camera CCTV,1,2,1,2017-12-15,12,tik-594,,,
tik-595,2,Power Supply Camera CCTV,1,1,1,3,1,Power Supply Camera CCTV,1,2,1,2017-12-15,12,tik-595,,,
tik-596,2,SONY FDR-AX700 4K CAMCORDER,32,1,1,3,1,SONY FDR-AX700 4K CAMCORDER,1,2,1,2020-12-18,12,tik-596,,,
tik-597,2,Logitech Group Plus Mic Expansion (Kamera Zoom),32,1,1,3,1,Logitech Group Plus Mic Expansion (Kamera Zoom),1,2,1,2021-09-22,12,tik-597,,,
tik-598,2,SONY 4K HDR CAMCORDER FDR- AX700 / Humas,32,1,1,3,1,SONY 4K HDR CAMCORDER FDR- AX700 / Humas,1,2,1,2024-11-25,12,tik-598,,,
tik-599,2,Digital Video Recorder 16 Channerl CCTV,1,1,1,3,1,Digital Video Recorder 16 Channerl CCTV,1,2,1,2017-12-15,12,tik-599,,,
tik-600,2,Digital Video Recorder 16 Channerl CCTV,1,1,1,3,1,Digital Video Recorder 16 Channerl CCTV,1,2,1,2017-12-15,12,tik-600,,,
tik-601,2,UPS untuk DVR CCTV,1,1,1,3,1,UPS untuk DVR CCTV,1,2,1,2017-12-15,12,tik-601,,,
tik-602,2,UPS untuk DVR CCTV,1,1,1,3,1,UPS untuk DVR CCTV,1,2,1,2017-12-15,12,tik-602,,,
tik-603,2,UPS Type Lexos UPS AS 950,1,1,1,3,1,UPS Type Lexos UPS AS 950,1,2,1,2022-12-21,12,tik-603,,,
tik-604,2,Switcher Video /Feelword Livepro L1 V1 Multicamera,1,1,1,3,1,Switcher Video /Feelword Livepro L1 V1 Multicamera,1,2,1,2021-12-24,12,tik-604,,,
tik-605,2,KAMERA DRONE TYPE MAVIC 2 ZOOM,32,1,1,3,1,KAMERA DRONE TYPE MAVIC 2 ZOOM,1,2,1,2020-12-18,12,tik-605,,,
tik-606,2,SONY Mirrorless Digital Camera A7II+Lensa FE55mm,32,1,1,3,1,SONY Mirrorless Digital Camera A7II+Lensa FE55mm,1,2,1,2017-10-09,12,tik-606,,,
tik-607,2,CANON EOS 6D Kit3,32,1,1,3,1,CANON EOS 6D Kit3,1,2,1,2017-10-09,12,tik-607,,,
tik-608,2,Canon Power Shot  SX620 HS,32,1,1,3,1,Canon Power Shot  SX620 HS,1,2,1,2017-11-17,12,tik-608,,,
tik-609,2,Drone Merk DJI Mavic 2 Pro (EU),32,1,1,3,1,Drone Merk DJI Mavic 2 Pro (EU),1,2,1,2019-03-28,12,tik-609,,,
tik-610,2,KAMERA DIGITAL MIRROLESS ALPHA a7 III B (ILCE-7M3),32,1,1,3,1,KAMERA DIGITAL MIRROLESS ALPHA a7 III B (ILCE-7M3),1,2,1,2019-11-21,12,tik-610,,,
tik-611,2,CAMERA SONY DIGITAL A6000/ HIBAH STED,32,1,1,3,1,CAMERA SONY DIGITAL A6000/ HIBAH STED,1,2,1,2023-12-29,12,tik-611,,,
tik-612,2,CANON EOS R8 BODY ONLY MIRRORLESS CAMERA,32,1,1,3,1,CANON EOS R8 BODY ONLY MIRRORLESS CAMERA,1,2,1,2024-11-25,12,tik-612,,,
tik-613,2,CANON EOS R7 WITH LENS RF-S 18- 150 STM / Humas,32,1,1,3,1,CANON EOS R7 WITH LENS RF-S 18- 150 STM / Humas,1,2,1,2024-11-25,12,tik-613,,,
tik-614,2,HP LED MONITOR PRO DISPLAY P232/ HIBAH STED,10,1,1,3,1,HP LED MONITOR PRO DISPLAY P232/ HIBAH STED,1,2,1,2023-12-29,12,tik-614,,,
tik-615,2,"MONITOR LED LG 32MP58HQ-P 31.5"" / HIBAH STED",10,1,1,3,1,"MONITOR LED LG 32MP58HQ-P 31.5"" / HIBAH STED",1,2,1,2023-12-29,12,tik-615,,,
tik-616,2,IWARE TM17A MONITOR LED TOUCHSCREEN CAPACITIVE 17  INCH,1,1,1,3,1,IWARE TM17A MONITOR LED TOUCHSCREEN CAPACITIVE 17  INCH,1,2,1,2024-12-05,12,tik-616,,,
tik-617,2,IWARE TM17A MONITOR LED TOUCHSCREEN CAPACITIVE 17  INCH,1,1,1,3,1,IWARE TM17A MONITOR LED TOUCHSCREEN CAPACITIVE 17  INCH,1,2,1,2024-12-05,12,tik-617,,,
tik-618,2,Kamera Zoom Meeting/ Logitech Rally Camera,32,1,1,3,1,Kamera Zoom Meeting/ Logitech Rally Camera,1,2,1,2021-12-24,12,tik-618,,,
tik-619,2,"LED DISPLAY UK.4,8X2,72m, PTZ CAMERA,SOUND SISTEM",1,1,1,3,1,"LED DISPLAY UK.4,8X2,72m, PTZ CAMERA,SOUND SISTEM",1,2,1,2021-07-01,12,tik-619,,,
tik-620,2,PABX UPS dengan jaringan 24 titik,1,1,1,3,1,PABX UPS dengan jaringan 24 titik,1,2,1,2016-12-27,12,tik-620,,,
tik-621,2,Telepon System PABX Tambora,1,1,1,3,1,Telepon System PABX Tambora,1,2,1,2018-11-23,12,tik-621,,,
tik-622,2,Samsung Galaxy Note 8,33,1,1,3,1,Samsung Galaxy Note 8,1,2,1,2017-11-13,12,tik-622,,,
tik-623,2,Samsung Galaxy Note 8,33,1,1,3,1,Samsung Galaxy Note 8,1,2,1,2017-11-13,12,tik-623,,,
tik-624,2,Samsung Galaxy Note 8,33,1,1,3,1,Samsung Galaxy Note 8,1,2,1,2017-11-13,12,tik-624,,,
tik-625,2,Samsung Galaxy J7 Pro,33,1,1,3,1,Samsung Galaxy J7 Pro,1,2,1,2017-11-13,12,tik-625,,,
tik-626,2,Samsung SGT Black No.355/09/620851/ax,33,1,1,3,1,Samsung SGT Black No.355/09/620851/ax,1,2,1,2018-09-17,12,tik-626,,,
tik-627,2,Smartphone Merk Samsung Galaxy S20+,33,1,1,3,1,Smartphone Merk Samsung Galaxy S20+,1,2,1,2020-12-18,12,tik-627,,,
tik-628,2,Smartphone Merk Samsung Galaxy S20+,33,1,1,3,1,Smartphone Merk Samsung Galaxy S20+,1,2,1,2020-12-18,12,tik-628,,,
tik-629,2,Smartphone Merk Samsung Galaxy S20 Ultra,33,1,1,3,1,Smartphone Merk Samsung Galaxy S20 Ultra,1,2,1,2020-12-18,12,tik-629,,,
tik-630,2,Smartphone Merk Samsung Galaxy S20 Ultra,33,1,1,3,1,Smartphone Merk Samsung Galaxy S20 Ultra,1,2,1,2020-12-18,12,tik-630,,,
tik-631,2,Smartphone Merk Samsung Galaxy S20 Ultra,33,1,1,3,1,Smartphone Merk Samsung Galaxy S20 Ultra,1,2,1,2020-12-18,12,tik-631,,,
tik-632,2,Smartphone Merk Samsung Galaxy S20 Ultra,33,1,1,3,1,Smartphone Merk Samsung Galaxy S20 Ultra,1,2,1,2020-12-18,12,tik-632,,,
tik-633,2,Smartphone Merk Samsung Galaxy S20 Ultra,33,1,1,3,1,Smartphone Merk Samsung Galaxy S20 Ultra,1,2,1,2020-12-18,12,tik-633,,,
tik-634,2,SMARTPHONE MERK SAMSUNG GALAXY NOTE 20 ULTRA,33,1,1,3,1,SMARTPHONE MERK SAMSUNG GALAXY NOTE 20 ULTRA,1,2,1,2020-12-17,12,tik-634,,,
tik-635,2,SMARTPHONE MERK SAMSUNG GALAXY NOTE 20 ULTRA,33,1,1,3,1,SMARTPHONE MERK SAMSUNG GALAXY NOTE 20 ULTRA,1,2,1,2020-12-17,12,tik-635,,,
tik-636,2,SMARTPHONE MERK SAMSUNG GALAXY NOTE 20 ULTRA,33,1,1,3,1,SMARTPHONE MERK SAMSUNG GALAXY NOTE 20 ULTRA,1,2,1,2020-12-17,12,tik-636,,,
tik-637,2,SMARTPHONE MERK SAMSUNG GALAXY NOTE 20 ULTRA,33,1,1,3,1,SMARTPHONE MERK SAMSUNG GALAXY NOTE 20 ULTRA,1,2,1,2020-12-16,12,tik-637,,,
tik-638,2,SMARTPHONE MERK SAMSUNG GALAXY S20 ULTRA,33,1,1,3,1,SMARTPHONE MERK SAMSUNG GALAXY S20 ULTRA,1,2,1,2020-12-16,12,tik-638,,,
tik-639,2,SAMSUNG GALAXY S22 ULTRA 256GB BLACK,33,1,1,3,1,SAMSUNG GALAXY S22 ULTRA 256GB BLACK,1,2,1,2022-11-22,12,tik-639,,,
tik-640,2,SAMSUNG GALAXY S22 ULTRA 256GB BLACK,33,1,1,3,1,SAMSUNG GALAXY S22 ULTRA 256GB BLACK,1,2,1,2022-11-22,12,tik-640,,,
tik-641,2,SAMSUNG GALAXY S22 ULTRA 256GB BLACK,33,1,1,3,1,SAMSUNG GALAXY S22 ULTRA 256GB BLACK,1,2,1,2022-11-22,12,tik-641,,,
tik-642,2,Samsung Galaxy Z Fold 4 256 GB / PPK,33,1,1,3,1,Samsung Galaxy Z Fold 4 256 GB / PPK,1,2,1,2023-03-27,12,tik-642,,,
tik-643,2,Iphone 13 Pro 512GB / Humas,33,1,1,3,1,Iphone 13 Pro 512GB / Humas,1,2,1,2023-03-27,12,tik-643,,,
tik-644,2,Iphone 13 Pro Max 512GB / Humas,33,1,1,3,1,Iphone 13 Pro Max 512GB / Humas,1,2,1,2023-03-27,12,tik-644,,,
tik-645,2,Samsung S22 Ultra 256 GB/ Direktur,33,1,1,3,1,Samsung S22 Ultra 256 GB/ Direktur,1,2,1,2023-03-27,12,tik-645,,,
tik-646,2,SAMSUNG GALAXY Z FOLD 5 512GB,33,1,1,3,1,SAMSUNG GALAXY Z FOLD 5 512GB,1,2,1,2024-11-25,12,tik-646,,,
tik-647,2,Uniden Two Way Radio With Charger and Headsets,34,1,1,3,1,Uniden Two Way Radio With Charger and Headsets,1,2,1,2017-11-13,12,tik-647,,,
tik-648,2,Uniden Two Way Radio With Charger and Headsets,34,1,1,3,1,Uniden Two Way Radio With Charger and Headsets,1,2,1,2017-11-13,12,tik-648,,,
tik-649,2,Motorola Handy Talky CP1660136-174 MHz,34,1,1,3,1,Motorola Handy Talky CP1660136-174 MHz,1,2,1,2018-12-12,12,tik-649,,,
tik-650,2,Motorola Handy Talky CP1660136-174 MHz,34,1,1,3,1,Motorola Handy Talky CP1660136-174 MHz,1,2,1,2018-12-12,12,tik-650,,,
tik-651,2,Motorola Handy Talky CP1660136-174 MHz,34,1,1,3,1,Motorola Handy Talky CP1660136-174 MHz,1,2,1,2018-12-12,12,tik-651,,,
tik-652,2,Motorola Handy Talky CP1660136-174 MHz,34,1,1,3,1,Motorola Handy Talky CP1660136-174 MHz,1,2,1,2018-12-12,12,tik-652,,,
tik-653,2,Motorola Handy Talky CP1660136-174 MHz,34,1,1,3,1,Motorola Handy Talky CP1660136-174 MHz,1,2,1,2018-12-12,12,tik-653,,,
tik-654,2,Motorola Handy Talky CP1660136-174 MHz,34,1,1,3,1,Motorola Handy Talky CP1660136-174 MHz,1,2,1,2018-12-12,12,tik-654,,,
tik-655,2,Motorola Handy Talky CP1660136-174 MHz,34,1,1,3,1,Motorola Handy Talky CP1660136-174 MHz,1,2,1,2018-12-12,12,tik-655,,,
tik-656,2,Motorola Handy Talky CP1660136-174 MHz,34,1,1,3,1,Motorola Handy Talky CP1660136-174 MHz,1,2,1,2018-12-12,12,tik-656,,,
tik-657,2,Motorola Handy Talky CP1660136-174 MHz,34,1,1,3,1,Motorola Handy Talky CP1660136-174 MHz,1,2,1,2018-12-12,12,tik-657,,,
tik-658,2,Motorola Handy Talky CP1660136-174 MHz,34,1,1,3,1,Motorola Handy Talky CP1660136-174 MHz,1,2,1,2018-12-12,12,tik-658,,,
tik-659,2,Motorola Handy Talky CP1660136-174 MHz,34,1,1,3,1,Motorola Handy Talky CP1660136-174 MHz,1,2,1,2018-12-12,12,tik-659,,,
tik-660,2,Motorola Handy Talky CP1660136-174 MHz,34,1,1,3,1,Motorola Handy Talky CP1660136-174 MHz,1,2,1,2018-12-12,12,tik-660,,,
tik-661,2,Handy Talky (HT) Type Motorola CP1660 136-174MHz,34,1,1,3,1,Handy Talky (HT) Type Motorola CP1660 136-174MHz,1,2,1,2019-03-26,12,tik-661,,,
tik-662,2,Handy Talky (HT) Type Motorola CP1660 136-174MHz,34,1,1,3,1,Handy Talky (HT) Type Motorola CP1660 136-174MHz,1,2,1,2019-03-26,12,tik-662,,,
tik-663,2,Handy Talky (HT) Type Motorola CP1660 136-174MHz,34,1,1,3,1,Handy Talky (HT) Type Motorola CP1660 136-174MHz,1,2,1,2019-03-26,12,tik-663,,,
tik-664,2,Handy Talky (HT) Type Motorola CP1660 136-174MHz,34,1,1,3,1,Handy Talky (HT) Type Motorola CP1660 136-174MHz,1,2,1,2019-03-26,12,tik-664,,,
tik-665,2,Handy Talky (HT) Type Motorola CP1660 136-174MHz,34,1,1,3,1,Handy Talky (HT) Type Motorola CP1660 136-174MHz,1,2,1,2019-03-26,12,tik-665,,,
tik-666,2,Handy Talky (HT) Type Motorola CP1660 136-174MHz,34,1,1,3,1,Handy Talky (HT) Type Motorola CP1660 136-174MHz,1,2,1,2019-03-26,12,tik-666,,,
tik-667,2,Handy Talky (HT) Type Motorola CP1660 136-174MHz,34,1,1,3,1,Handy Talky (HT) Type Motorola CP1660 136-174MHz,1,2,1,2019-03-26,12,tik-667,,,
tik-668,2,Handy Talky (HT) Type Motorola CP1660 136-174MHz,34,1,1,3,1,Handy Talky (HT) Type Motorola CP1660 136-174MHz,1,2,1,2019-03-26,12,tik-668,,,
tik-669,2,Handy Talky (HT) Type Motorola CP1660 136-174MHz,34,1,1,3,1,Handy Talky (HT) Type Motorola CP1660 136-174MHz,1,2,1,2019-03-26,12,tik-669,,,
tik-670,2,Handy Talky (HT) Type Motorola CP1660 136-174MHz,34,1,1,3,1,Handy Talky (HT) Type Motorola CP1660 136-174MHz,1,2,1,2019-03-26,12,tik-670,,,
tik-671,2,Handy Talky (HT) Type Motorola CP1660 136-174MHz,34,1,1,3,1,Handy Talky (HT) Type Motorola CP1660 136-174MHz,1,2,1,2019-03-26,12,tik-671,,,
tik-672,2,Handy Talky (HT) Type Motorola CP1660 136-174MHz,34,1,1,3,1,Handy Talky (HT) Type Motorola CP1660 136-174MHz,1,2,1,2019-03-26,12,tik-672,,,
tik-673,2,Handy Talky (HT) Type Motorola CP1660 136-174MHz,34,1,1,3,1,Handy Talky (HT) Type Motorola CP1660 136-174MHz,1,2,1,2019-03-26,12,tik-673,,,
tik-674,2,Handy Talky (HT) Type Motorola CP1660 136-174MHz,34,1,1,3,1,Handy Talky (HT) Type Motorola CP1660 136-174MHz,1,2,1,2019-03-26,12,tik-674,,,
tik-675,2,Handy Talky (HT) Type Motorola CP1660 136-174MHz,34,1,1,3,1,Handy Talky (HT) Type Motorola CP1660 136-174MHz,1,2,1,2019-03-26,12,tik-675,,,
tik-676,2,Handy Talky (HT) Type Motorola CP1660 136-174MHz,34,1,1,3,1,Handy Talky (HT) Type Motorola CP1660 136-174MHz,1,2,1,2019-03-26,12,tik-676,,,
tik-677,2,HANDY TALKIE CP 1660 VHF 136-174 MHZ,34,1,1,3,1,HANDY TALKIE CP 1660 VHF 136-174 MHZ,1,2,1,2020-12-17,12,tik-677,,,
tik-678,2,HANDY TALKIE CP 1660 VHF 136-174 MHZ,34,1,1,3,1,HANDY TALKIE CP 1660 VHF 136-174 MHZ,1,2,1,2020-12-17,12,tik-678,,,
tik-679,2,HANDY TALKIE CP 1660 VHF 136-174 MHZ,34,1,1,3,1,HANDY TALKIE CP 1660 VHF 136-174 MHZ,1,2,1,2020-12-17,12,tik-679,,,
tik-680,2,HANDY TALKIE CP 1660 VHF 136-174 MHZ,34,1,1,3,1,HANDY TALKIE CP 1660 VHF 136-174 MHZ,1,2,1,2020-12-17,12,tik-680,,,
tik-681,2,HANDY TALKIE CP 1660 VHF 136-174 MHZ,34,1,1,3,1,HANDY TALKIE CP 1660 VHF 136-174 MHZ,1,2,1,2020-12-17,12,tik-681,,,
tik-682,2,HANDY TALKIE CP 1660 VHF 136-174 MHZ,34,1,1,3,1,HANDY TALKIE CP 1660 VHF 136-174 MHZ,1,2,1,2020-12-17,12,tik-682,,,
tik-683,2,HANDY TALKIE CP 1660 VHF 136-174 MHZ,34,1,1,3,1,HANDY TALKIE CP 1660 VHF 136-174 MHZ,1,2,1,2020-12-17,12,tik-683,,,
tik-684,2,HANDY TALKIE CP 1660 VHF 136-174 MHZ,34,1,1,3,1,HANDY TALKIE CP 1660 VHF 136-174 MHZ,1,2,1,2020-12-17,12,tik-684,,,
tik-685,2,HANDY TALKIE CP 1660 VHF 136-174 MHZ,34,1,1,3,1,HANDY TALKIE CP 1660 VHF 136-174 MHZ,1,2,1,2020-12-17,12,tik-685,,,
tik-686,2,HANDY TALKIE CP 1660 VHF 136-174 MHZ,34,1,1,3,1,HANDY TALKIE CP 1660 VHF 136-174 MHZ,1,2,1,2020-12-17,12,tik-686,,,
tik-687,2,HYTERA S1 MINI BUSINESS TWO- WAY RADIO,34,1,1,3,1,HYTERA S1 MINI BUSINESS TWO- WAY RADIO,1,2,1,2024-11-25,12,tik-687,,,
tik-688,2,HYTERA S1 MINI BUSINESS TWO- WAY RADIO,34,1,1,3,1,HYTERA S1 MINI BUSINESS TWO- WAY RADIO,1,2,1,2024-11-25,12,tik-688,,,
tik-689,2,HYTERA S1 MINI BUSINESS TWO- WAY RADIO,34,1,1,3,1,HYTERA S1 MINI BUSINESS TWO- WAY RADIO,1,2,1,2024-11-25,12,tik-689,,,
tik-690,2,HYTERA S1 MINI BUSINESS TWO- WAY RADIO,34,1,1,3,1,HYTERA S1 MINI BUSINESS TWO- WAY RADIO,1,2,1,2024-11-25,12,tik-690,,,
tik-691,2,HYTERA S1 MINI BUSINESS TWO- WAY RADIO,34,1,1,3,1,HYTERA S1 MINI BUSINESS TWO- WAY RADIO,1,2,1,2024-11-25,12,tik-691,,,
tik-692,2,HYTERA S1 MINI BUSINESS TWO- WAY RADIO,34,1,1,3,1,HYTERA S1 MINI BUSINESS TWO- WAY RADIO,1,2,1,2024-11-25,12,tik-692,,,
tik-693,2,HYTERA S1 MINI BUSINESS TWO- WAY RADIO,34,1,1,3,1,HYTERA S1 MINI BUSINESS TWO- WAY RADIO,1,2,1,2024-11-25,12,tik-693,,,
tik-694,2,HYTERA S1 MINI BUSINESS TWO- WAY RADIO,34,1,1,3,1,HYTERA S1 MINI BUSINESS TWO- WAY RADIO,1,2,1,2024-11-25,12,tik-694,,,
tik-695,2,HYTERA S1 MINI BUSINESS TWO- WAY RADIO,34,1,1,3,1,HYTERA S1 MINI BUSINESS TWO- WAY RADIO,1,2,1,2024-11-25,12,tik-695,,,
tik-696,2,HYTERA S1 MINI BUSINESS TWO- WAY RADIO,34,1,1,3,1,HYTERA S1 MINI BUSINESS TWO- WAY RADIO,1,2,1,2024-11-25,12,tik-696,,,
tik-697,2,UPS Merk APC 3 Phase Easy 3S 10KVA PF 0.9 VRLA,26,1,1,3,1,UPS Merk APC 3 Phase Easy 3S 10KVA PF 0.9 VRLA,1,2,1,2021-12-22,12,tik-697,,,
tik-698,2,UPS Merk APC 3 Phase Easy 3S 10KVA PF 0.9 VRLA,26,1,1,3,1,UPS Merk APC 3 Phase Easy 3S 10KVA PF 0.9 VRLA,1,2,1,2021-12-22,12,tik-698,,,
tik-699,2,UPS Merk Eaton 5E2000iUSB 2KVA With AVR,26,1,1,3,1,UPS Merk Eaton 5E2000iUSB 2KVA With AVR,1,2,1,2022-12-31,12,tik-699,,,
tik-700,2,UPS Merk Eaton 5E2000iUSB 2KVA With AVR,26,1,1,3,1,UPS Merk Eaton 5E2000iUSB 2KVA With AVR,1,2,1,2022-12-31,12,tik-700,,,
tik-701,2,"Apc Easy Back-UPS 700VA, 230V, AVR, USB Charging Universal Sockets",26,1,1,3,1,"Apc Easy Back-UPS 700VA, 230V, AVR, USB Charging Universal Sockets",1,2,1,2023-02-21,12,tik-701,,,
tik-702,2,"Apc Easy Back-UPS 700VA, 230V, AVR, USB Charging Universal Sockets",26,1,1,3,1,"Apc Easy Back-UPS 700VA, 230V, AVR, USB Charging Universal Sockets",1,2,1,2023-02-21,12,tik-702,,,
tik-703,2,"Apc Easy Back-UPS 700VA, 230V, AVR, USB Charging Universal Sockets",26,1,1,3,1,"Apc Easy Back-UPS 700VA, 230V, AVR, USB Charging Universal Sockets",1,2,1,2023-02-21,12,tik-703,,,
tik-704,2,STABILIZER KAMERA TYPE LIBEC TH-G3,35,1,1,3,1,STABILIZER KAMERA TYPE LIBEC TH-G3,1,2,1,2020-12-18,12,tik-704,,,
